rpm,iteration,pressure_residual,p_start_pa,p_end_pa
2400.0,1,0.0009148604624424784,101325.0,101232.30176364302
2400.0,2,5.59565558180074e-10,101232.30176364302,101232.3017069969
2500.0,1,0.0007868291418557957,101325.0,101245.27453720146
2500.0,2,3.2776409554176676e-10,101245.27453720146,101245.2745040169
2600.0,1,0.0010409106764515408,101325.0,101219.52972570855
2600.0,2,2.9469431493079227e-09,101219.52972570855,101219.52942742035
2700.0,1,0.0014215252842654054,101325.0,101180.96395057181
2700.0,2,2.5680005547300767e-08,101180.96395057181,101180.96135224409
2800.0,1,0.0018694493376428516,101325.0,101135.57804586334
2800.0,2,1.4721867555404873e-07,101135.57804586334,101135.56315681749
2900.0,1,0.0023863174128123253,101325.0,101083.20638814679
2900.0,2,6.165032644035667e-07,101083.20638814679,101083.14407002008
3000.0,1,0.002971318152750898,101325.0,101023.93118817252
3000.0,2,2.0243527328420775e-06,101023.93118817252,101023.72668010133
3100.0,1,0.0036235217003701766,101325.0,100957.84666370999
3100.0,2,5.498949943603751e-06,100957.84666370999,100957.29150156477
3200.0,1,0.00434040027251921,101325.0,100885.20894238699
3200.0,2,1.2849053460109215e-05,100885.20894238699,100883.91266294396
3300.0,1,0.00511663899181426,101325.0,100806.55655415442
3300.0,2,2.6570143495333537e-05,100806.55655415442,100803.8781094815
3400.0,1,0.0059438068744040685,101325.0,100722.74376845101
3400.0,2,4.9664739760374164e-05,100722.74376845101,100717.7413995938
3500.0,1,0.006814814878411889,101325.0,100634.48888244492
3500.0,2,8.545038834837602e-05,100634.48888244492,100625.88962628867
3600.0,1,0.0077191416653567225,101325.0,100542.85797075773
3600.0,2,0.00013711518543484274,100542.85797075773,100529.07201814292
3600.0,3,3.356387820020277e-06,100529.07201814292,100528.73460359004
3700.0,1,0.008645099635378892,101325.0,100449.03527944523
3700.0,2,0.00020735650855830824,100449.03527944523,100428.20651820164
3700.0,3,6.823491661326675e-06,100428.20651820164,100427.5212471719
3800.0,1,0.009580224441904145,101325.0,100354.28375842406
3800.0,2,0.00029805081056947434,100354.28375842406,100324.37308280575
3800.0,3,1.2669595342652826e-05,100324.37308280575,100323.10201359578
3900.0,1,0.010512974080773695,101325.0,100259.7729012656
3900.0,2,0.0004101470075938585,100259.7729012656,100218.65165542811
3900.0,3,2.177905832150431e-05,100218.65165542811,100216.4689875688
4000.0,1,0.011430484645437222,101325.0,100166.80614330107
4000.0,2,0.0005433589992691237,100166.80614330107,100112.37960775507
4000.0,3,3.50277532015487e-05,100112.37960775507,100108.87289602974
4100.0,1,0.012320034215166451,101325.0,100076.67253314826
4100.0,2,0.000696198619397449,100076.67253314826,100006.99929189679
4100.0,3,5.3168187931705906e-05,100006.99929189679,100001.68210096395
4200.0,1,0.013170674298987882,101325.0,99990.48142665505
4200.0,2,0.0008662509203487622,99990.48142665505,99903.8645800931
4200.0,3,7.674313749414551e-05,99903.8645800931,99896.19764407743
4300.0,1,0.01397204684558308,101325.0,99909.2823533713
4300.0,2,0.0010501994451176237,99909.2823533713,99804.35768048168
4300.0,3,0.00010599161656877551,99804.35768048168,99793.77925527052
4300.0,4,1.0872258758970927e-05,99793.77925527052,99792.69427147992
4400.0,1,0.014710096840553192,101325.0,99834.49943763095
4400.0,2,0.0012431877478835363,99834.49943763095,99710.386411114
4400.0,3,0.00014065135905636937,99710.386411114,99696.36200975324
4400.0,4,1.6202120987854655e-05,99696.36200975324,99694.74671723391
4500.0,1,0.015340625786456124,101325.0,99770.61109218733
4500.0,2,0.001433378658674434,99770.61109218733,99627.60202748489
4500.0,3,0.00017880248055383692,99627.60202748489,99609.78836511074
4500.0,4,2.2746984501217063e-05,99609.78836511074,99607.52254279863
4600.0,1,0.016485256340391934,101325.0,99654.63140130979
4600.0,2,0.001750511759152641,99654.63140130979,99480.18479718777
4600.0,3,0.00024716471911642837,99480.18479718777,99455.59680525473
4600.0,4,3.567164890275072e-05,99455.59680525473,99452.04906012407
4700.0,1,0.017570389904332115,101325.0,99544.68024294355
4700.0,2,0.0020870550697065266,99544.68024294355,99336.9250133802
4700.0,3,0.00032836444130025967,99336.9250133802,99304.3062994977
4700.0,4,5.2919408379965315e-05,99304.3062994977,99299.05117435874
4800.0,1,0.01813380240617797,101325.0,99487.59247119402
4800.0,2,0.002320172495370055,99487.59247119402,99256.76409551177
4800.0,3,0.000392168076411868,99256.76409551177,99217.83876126556
4800.0,4,6.800040966418812e-05,99217.83876126556,99211.0919075838
4900.0,1,0.01842990033611371,101325.0,99457.59034844328
4900.0,2,0.002494587786080777,99457.59034844328,99209.48465832703
4900.0,3,0.00044515791687897406,99209.48465832703,99165.32077080189
4900.0,4,8.158911358005084e-05,99165.32077080189,99157.22996018232
5000.0,1,0.018981284153500484,101325.0,99401.72138314656
5000.0,2,0.0027458827376669773,99401.72138314656,99128.7759123062
5000.0,3,0.0005222998491564721,99128.7759123062,99077.00096760014
5000.0,4,0.00010218311505011393,99077.00096760014,99066.87697101144
5000.0,5,2.0095152300009657e-05,99066.87697101144,99064.88620703082
5100.0,1,0.019655580582284046,101325.0,99333.39829750007
5100.0,2,0.0030453361410446252,99333.39829750007,99030.89470965191
5100.0,3,0.0006185414815382339,99030.89470965191,98969.63999332015
5100.0,4,0.0001294121360941341,98969.63999332015,98956.83212080014
5100.0,5,2.7233729351805054e-05,98956.83212080014,98954.13715721665
5200.0,1,0.020194216570880844,101325.0,99278.8210059555
5200.0,2,0.0033180861398365317,99278.8210059555,98949.40532599633
5200.0,3,0.000712800038036457,98949.40532599633,98878.87418611627
5200.0,4,0.00015793996216016546,98878.87418611627,98863.25726046888
5200.0,5,3.5220722315097415e-05,98863.25726046888,98859.77522513774
5300.0,1,0.020855258393811776,101325.0,99211.84094324702
5300.0,2,0.0036413594889390367,99211.84094324702,98850.57496481322
5300.0,3,0.0008287605289943904,98850.57496481322,98768.65151001398
5300.0,4,0.00019482040976387868,98768.65151001398,98749.40936085497
5300.0,5,4.612190593033522e-05,98749.40936085497,98744.85484988576
5400.0,1,0.021309718092940806,101325.0,99165.79281423277
5400.0,2,0.0039093556662317,99165.79281423277,98778.1184601981
5400.0,3,0.0009325171648800903,98778.1184601981,98686.0061692194
5400.0,4,0.00023000767226401722,98686.0061692194,98663.30763065538
5400.0,5,5.7167030655946846e-05,98663.30763065538,98657.66734232345
5500.0,1,0.021895095567825047,101325.0,99106.47944159013
5500.0,2,0.004231254287071752,99106.47944159013,98687.13472557631
5500.0,3,0.0010601768771213561,98687.13472557631,98582.5089072709
5500.0,4,0.0002750033782339673,98582.5089072709,98555.39838428661
5500.0,5,7.192735455802066e-05,98555.39838428661,98548.30955520342
5600.0,1,0.022564287060125664,101325.0,99038.67361363277
5600.0,2,0.004594858366705994,99038.67361363277,98583.6049355517
5600.0,3,0.0012094263118255075,98583.6049355517,98464.37532982804
5600.0,4,0.00032995332028345494,98464.37532982804,98431.88668225832
5600.0,5,9.082761423154573e-05,98431.88668225832,98422.94634882666
5700.0,1,0.023297372980451106,101325.0,98964.39368275579
5700.0,2,0.004995729463692127,98964.39368275579,98469.99434537842
5700.0,3,0.0013802184408445212,98469.99434537842,98334.08424331307
5700.0,4,0.00039569825941294294,98334.08424331307,98295.17361733703
5700.0,5,0.00011454604533557947,98295.17361733703,98283.91429392359
5700.0,6,3.324929080341524e-05,98283.91429392359,98280.64642347593
5800.0,1,0.02408194570474707,101325.0,98884.8968514665
5800.0,2,0.0054312443154980235,98884.8968514665,98347.82881755337
5800.0,3,0.0015729331578192764,98347.82881755337,98193.1342566067
5800.0,4,0.0004732255035185547,98193.1342566067,98146.66676120606
5800.0,5,0.0001438598162658642,98146.66676120606,98132.54739975868
5800.0,6,4.386783876280379e-05,98132.54739975868,98128.24253699197
5900.0,1,0.024901116074227268,101325.0,98801.89441377892
5900.0,2,0.00589622913101085,98801.89441377892,98219.33580573734
5900.0,3,0.0017866749554044574,98219.33580573734,98043.84977831677
5900.0,4,0.0005630065349629147,98043.84977831677,97988.65045017865
5900.0,5,0.0001793946435124274,97988.65045017865,97971.07181116288
5900.0,6,5.735859673975801e-05,97971.07181116288,97965.4523279627
6000.0,1,0.025736520396666858,101325.0,98717.24707080773
6000.0,2,0.0063838953097586255,98717.24707080773,98087.04650024012
6000.0,3,0.002019470058085597,98087.04650024012,97888.96264674683
6000.0,4,0.0006649666113560737,97888.96264674683,97823.86975496646
6000.0,5,0.00022156457278319912,97823.86975496646,97802.1954510562
6000.0,6,7.410666657066018e-05,97802.1954510562,97794.94765636804
6100.0,1,0.0265758139322352,101325.0,98632.20565331627
6100.0,2,0.0068890021377867395,98632.20565331627,97952.72817771595
6100.0,3,0.002269572163245069,97952.72817771595,97730.4173925299
6100.0,4,0.0007789656501219634,97730.4173925299,97654.28875440903
6100.0,5,0.0002707271792583541,97654.28875440903,97627.85108427207
6100.0,6,9.448629498634842e-05,97627.85108427207,97618.62659033564
6200.0,1,0.02740079950603458,101325.0,98548.61399005105
6200.0,2,0.007403031657794302,98548.61399005105,97819.05548085095
6200.0,3,0.0025333653726359027,97819.05548085095,97571.24407291181
6200.0,4,0.0009038751406359015,97571.24407291181,97483.05185095339
6200.0,5,0.00032677323226672954,97483.05185095339,97451.19699900883
6200.0,6,0.00011867940617785065,97451.19699900883,97439.63154881766
6200.0,7,4.317351607017688e-05,97439.63154881766,97435.42473731912
6300.0,1,0.028194959950326007,101325.0,98468.14568303322
6300.0,2,0.007917320326913776,98468.14568303322,97688.54183166343
6300.0,3,0.0028066573385026705,97688.54183166343,97414.36356884397
6300.0,4,0.0010380510317085077,97414.36356884397,97313.2424882381
6300.0,5,0.00038926687538771293,97313.2424882381,97275.36166640086
6300.0,6,0.00014670074787709162,97275.36166640086,97261.09129809438
6300.0,7,5.538821061013373e-05,97261.09129809438,97255.7041802854
6400.0,1,0.028944995565260617,101325.0,98392.14832434997
6400.0,2,0.008423976283899034,98392.14832434997,97563.29520034377
6400.0,3,0.003085172186760048,97563.29520034377,97262.295635543
6400.0,4,0.0011795527846512747,97262.295635543,97147.56962388453
6400.0,5,0.00045751857165509253,97147.56962388453,97103.12280659044
6400.0,6,0.00017840914913311355,97103.12280659044,97085.79872107235
6400.0,7,6.97129868014828e-05,97085.79872107235,97079.0305800675
6500.0,1,0.029640842627947302,101325.0,98321.64162072324
6500.0,2,0.008916163493753683,98321.64162072324,97444.98978905861
6500.0,3,0.0033647982287616568,97444.98978905861,97117.10706001469
6500.0,4,0.0013262886943895534,97117.10706001469,96988.30173888917
6500.0,5,0.0005306467663542672,96988.30173888917,96936.83521019724
6500.0,6,0.00021352313081035614,96936.83521019724,96916.13695365231
6500.0,7,8.611134926153556e-05,96916.13695365231,96907.79137433402
6600.0,1,0.030445594893085938,101325.0,98240.10009745807
6600.0,2,0.009471715470576842,98240.10009745807,97309.59782153396
6600.0,3,0.003684761606966375,97309.59782153396,96951.03515149183
6600.0,4,0.0014979314510157103,96951.03515149183,96805.80914672988
6600.0,5,0.000618442509741918,96805.80914672988,96745.94031916358
6600.0,6,0.00025688648253096474,96745.94031916358,96721.08759485584
6600.0,7,0.00010696825582277275,96721.08759485584,96710.74150881454
6600.0,8,4.458728870502003e-05,96710.74150881454,96706.429439062
6700.0,1,0.031238150918947202,101325.0,98159.79435813767
6700.0,2,0.010033015180860111,98159.79435813767,97174.95565119237
6700.0,3,0.004016628577231677,97174.95565119237,96784.63994733257
6700.0,4,0.0016809984993884906,96784.63994733257,96621.94511281725
6700.0,5,0.0007148568660683279,96621.94511281725,96552.87425194048
6700.0,6,0.00030595941314288765,96552.87425194048,96523.3329911971
6700.0,7,0.00013130367995672681,96523.3329911971,96510.65912237366
6700.0,8,5.6413958277033886e-05,96510.65912237366,96505.21457407664
6800.0,1,0.03208392031807936,101325.0,98074.09677377061
6800.0,2,0.010632755462217657,98074.09677377061,97031.29888559724
6800.0,3,0.004377858780515873,97031.29888559724,96606.50956178606
6800.0,4,0.0018849576327678156,96606.50956178606,96424.41038421252
6800.0,5,0.0008250880682508026,96424.41038421252,96344.85175371639
6800.0,6,0.0003636226197374554,96344.85175371639,96309.81858632348
6800.0,7,0.00016072009880864127,96309.81858632348,96294.33966276405
6800.0,8,7.112859102127362e-05,96294.33966276405,96287.49038206051
6900.0,1,0.03341894764101083,101325.0,97938.82513027458
6900.0,2,0.011501337117172085,97938.82513027458,96812.39768559152
6900.0,3,0.004896898607743998,96812.39768559152,96338.3171901526
6900.0,4,0.002180974160286571,96338.3171901526,96128.20580971538
6900.0,5,0.0009880525372356849,96128.20580971538,96033.22609206518
6900.0,6,0.000450871170568711,96033.22609206518,95989.92747900356
6900.0,7,0.00020640468021771474,95989.92747900356,95970.11470871813
6900.0,8,9.462744874673979e-05,95970.11470871813,95961.03330160731
7000.0,1,0.0343020140940763,101325.0,97849.34842191772
7000.0,2,0.012149300965425852,97849.34842191772,96660.54723866902
7000.0,3,0.005306188855394399,96660.54723866902,96147.64812015487
7000.0,4,0.002424706890437941,96147.64812015487,95914.51825525853
7000.0,5,0.0011275021339935258,95914.51825525853,95806.37443124477
7000.0,6,0.0005282842555035334,95806.37443124477,95755.76143205586
7000.0,7,0.0002483786960597523,95755.76143205586,95731.97774089116
7000.0,8,0.00011696470198582124,95731.97774089116,95720.78047864418
7000.0,9,5.5121356877705274e-05,95720.78047864418,95715.50421934281
7100.0,1,0.035116798216330264,101325.0,97766.79042073034
7100.0,2,0.012771363555048935,97766.79042073034,96518.17519665691
7100.0,3,0.0057097677155100906,96518.17519665691,95967.0788359591
7100.0,4,0.0026712159605231838,95967.0788359591,95710.7300432877
7100.0,5,0.0012721628334200923,95710.7300432877,95588.97040976712
7100.0,6,0.0006106704756464473,95588.97040976712,95530.59704774043
7100.0,7,0.0002942149819693214,95530.59704774043,95502.49051485251
7100.0,8,0.0001419968527249016,95502.49051485251,95488.92946177202
7100.0,9,6.858906594118947e-05,95488.92946177202,95482.37996529251
7200.0,1,0.03658748829587212,101325.0,97617.77274842076
7200.0,2,0.01376919883498746,97617.77274842076,96273.65422561913
7200.0,3,0.00634279726298673,96273.65422561913,95663.00995509914
7200.0,4,0.0030576867262886,95663.00995509914,95370.50243936262
7200.0,5,0.0015011870589976232,95370.50243936262,95227.33347529055
7200.0,6,0.0007431548878470312,95227.33347529055,95156.56481696175
7200.0,7,0.00036935506237967025,95156.56481696175,95121.41825802794
7200.0,8,0.00018392845242289817,95121.41825802794,95103.92272277547
7200.0,9,9.167872593521e-05,95103.92272277547,95095.20371630881
7300.0,1,0.03841756761276824,101325.0,97432.33996163626
7300.0,2,0.014996318588865912,97432.33996163626,95971.21355071287
7300.0,3,0.007130747893412708,95971.21355071287,95286.86702185786
7300.0,4,0.0035481929370503127,95286.86702185786,94948.77083329725
7300.0,5,0.0017988117681940884,94948.77083329725,94777.97586694676
7300.0,6,0.0009199081245112892,94777.97586694676,94690.78883692202
7300.0,7,0.00047245494635197235,94690.78883692202,94646.05170536204
7300.0,8,0.0002431707394509128,94646.05170536204,94623.03655498274
7300.0,9,0.0001252964030632348,94623.03655498274,94611.18062885548
7300.0,10,6.459666245308871e-05,94611.18062885548,94605.06906235611
7400.0,1,0.04029318297079362,101325.0,97242.29323548434
7400.0,2,0.016281345211643556,97242.29323548434,95659.05789014554
7400.0,3,0.00797580886995915,95659.05789014554,94896.09952773339
7400.0,4,0.0040880784847287495,94896.09952773339,94508.15682496938
7400.0,5,0.002135579819185307,94508.15682496938,94306.32711250558
7400.0,6,0.0011257799693758712,94306.32711250558,94200.15893845691
7400.0,7,0.000596182099852808,94200.15893845691,94143.99848989451
7400.0,8,0.0003164706118556656,94143.99848989451,94114.20468108988
7400.0,9,0.00016820064509446124,94114.20468108988,94098.37461114996
7400.0,10,8.945550050818378e-05,94098.37461114996,94089.95699395212
7500.0,1,0.041905364542425445,101325.0,97078.93893773874
7500.0,2,0.017439037972857743,97078.93893773874,95385.97563523878
7500.0,3,0.00876168524299876,95385.97563523878,94550.23374012647
7500.0,4,0.004605011652610826,94550.23374012647,94114.8288119961
7500.0,5,0.002467375253512646,94114.8288119961,93882.61221239681
7500.0,6,0.0013344822319829703,93882.61221239681,93757.32753450722
7500.0,7,0.0007252537632895842,93757.32753450722,93689.32967987684
7500.0,8,0.0003951662442119859,93689.32967987684,93652.3068193445
7500.0,9,0.0002156094573651987,93652.3068193445,93632.11449629019
7500.0,10,0.00011772799455172265,93632.11449629019,93621.0913752249
7500.0,11,6.430842640810211e-05,93621.0913752249,93615.07075015995
7600.0,1,0.0429470547831731,101325.0,96973.38967409499
7600.0,2,0.018272145604507354,96973.38967409499,95201.47777820729
7600.0,3,0.009356126640157897,95201.47777820729,94310.7606957842
7600.0,4,0.00501084789211296,94310.7606957842,93838.18381934817
7600.0,5,0.0027363112689757618,93838.18381934817,93581.41333950307
7600.0,6,0.0015086596865472156,93581.41333950307,93440.23083378765
7600.0,7,0.0008359925310531737,93440.23083378765,93362.11549871071
7600.0,8,0.000464506534722649,93362.11549871071,93318.74818596603
7600.0,9,0.00025847961473753604,93318.74818596603,93294.62719188714
7600.0,10,0.00014395169243163966,93294.62719188714,93281.19727240808
7600.0,11,8.020558697692995e-05,93281.19727240808,93273.71559922694
7700.0,1,0.04318263599987331,101325.0,96949.51940731284
7700.0,2,0.018620423845420224,96949.51940731284,95144.27826433888
7700.0,3,0.009645996756883669,95144.27826433888,94226.51686476503
7700.0,4,0.005226219673467503,94226.51686476503,93734.06838856408
7700.0,5,0.0028875079136874452,93734.06838856408,93463.41052430998
7700.0,6,0.0016110003060212188,93463.41052430998,93312.84094135353
7700.0,7,0.000903461668777019,93312.84094135353,93228.53636635833
7700.0,8,0.0005080956206315655,93228.53636635833,93181.16735531269
7700.0,9,0.00028619195308140745,93181.16735531269,93154.49965503687
7700.0,10,0.00016134181997846665,93154.49965503687,93139.46993852334
7700.0,11,9.100144568920046e-05,93139.46993852334,93130.99411210821
7800.0,1,0.0440120193568581,101325.0,96865.48213866635
7800.0,2,0.019335825241476323,96865.48213866635,94992.50810410175
7800.0,3,0.010177788940287827,94992.50810410175,94025.69440570963
7800.0,4,0.005602091316127087,94025.69440570963,93498.95387958658
7800.0,5,0.003144832140200951,93498.95387958658,93204.91536435089
7800.0,6,0.001783038466971641,93204.91536435089,93038.72741494542
7800.0,7,0.0010163374513993562,93038.72741494542,92944.16867184307
7800.0,8,0.0005810243071066052,92944.16867184307,92890.16585064091
7800.0,9,0.00033271279910716004,92890.16585064091,92859.26010355122
7800.0,10,0.00019070073409988288,92859.26010355122,92841.5517744815
7800.0,11,0.00010936228764346626,92841.5517744815,92831.39840999107
7800.0,12,6.273582925733354e-05,92831.39840999107,92825.5745552307
7900.0,1,0.04513000891908423,101325.0,96752.20184627379
7900.0,2,0.02023930633794287,96752.20184627379,94794.00439423657
7900.0,3,0.010841050747787052,94794.00439423657,93766.3377820127
7900.0,4,0.006070739025535778,93766.3377820127,93197.10681595787
7900.0,5,0.0034674364991188235,93197.10681595787,92873.95176617194
7900.0,6,0.002000647461561622,92873.95176617194,92688.14373032576
7900.0,7,0.001160707379145552,92688.14373032576,92580.55991793866
7900.0,8,0.0006754864024015058,92580.55991793866,92518.02300858738
7900.0,9,0.00039380096063300265,92518.02300858738,92481.58932225073
7900.0,10,0.00022981526531784427,92481.58932225073,92460.33564126362
7900.0,11,0.00013419529065194572,92460.33564126362,92447.92789964846
7900.0,12,7.838713557300002e-05,92447.92789964846,92440.68117139075
8000.0,1,0.0459934461441566,101325.0,96664.71406944333
8000.0,2,0.020991504492215648,96664.71406944333,94635.57628981587
8000.0,3,0.011412439782773995,94635.57628981587,93555.55347410023
8000.0,4,0.00648494233180271,93555.55347410023,92948.85110500081
8000.0,5,0.0037589417658359515,92948.85110500081,92599.46178649575
8000.0,6,0.0022013325428576385,92599.46178649575,92395.61957781404
8000.0,7,0.0012964642820375695,92395.61957781404,92275.83195721467
8000.0,8,0.0007660046069209107,92275.83195721467,92205.14824482799
8000.0,9,0.0004534302025736356,92205.14824482799,92163.339645781
8000.0,10,0.0002686966886362111,92163.339645781,92138.57566160453
8000.0,11,0.0001593281163868532,92138.57566160453,92123.8953958978
8000.0,12,9.451197521480767e-05,92123.8953958978,92115.18858457945
8100.0,1,0.04684242213872688,101325.0,96578.6915767935
8100.0,2,0.021740935452085188,96578.6915767935,94478.98047717559
8100.0,3,0.011988794319266884,94478.98047717559,93346.2914127407
8100.0,4,0.006908058323015855,93346.2914127407,92701.44978742425
8100.0,5,0.004060641125837036,92701.44978742425,92325.02246799272
8100.0,6,0.002411862217664413,92325.02246799272,92102.34723455715
8100.0,7,0.0014408723960991168,92102.34723455715,91969.63950481094
8100.0,8,0.0008636667964032932,91969.63950481094,91890.20838089345
8100.0,9,0.0005186996894247292,91890.20838089345,91842.54495834511
8100.0,10,0.0003118811686250688,91842.54495834511,91813.900998094
8100.0,11,0.00018765609889359364,91813.900998094,91796.6715596085
8100.0,12,0.00011295777073985575,91796.6715596085,91786.30241222779
8100.0,13,6.801074490413932e-05,91786.30241222779,91780.05995742873
8200.0,1,0.047560730054228326,101325.0,96505.90902725531
8200.0,2,0.022411514003869613,96505.90902725531,94343.06549563482
8200.0,3,0.012517739721742228,94343.06549563482,93162.10355720918
8200.0,4,0.007303964228113745,93162.10355720918,92481.6508854115
8200.0,5,0.004347794872613786,92481.6508854115,92079.55963788104
8200.0,6,0.002615468481514081,92079.55963788104,91838.72845185647
8200.0,7,0.0015827006069405848,91838.72845185647,91693.37524059507
8200.0,8,0.0009610427326703523,91693.37524059507,91605.25398868608
8200.0,9,0.0005847542291303769,91605.25398868608,91551.68742900563
8200.0,10,0.00035623462706568755,91551.68742900563,91519.07354777712
8200.0,11,0.00021718025072332644,91519.07354777712,91499.19741243805
8200.0,12,0.00013246449823903157,91499.19741243805,91487.07701716354
8200.0,13,8.081597515540151e-05,91487.07701716354,91479.68339982028
8300.0,1,0.04838617517715833,101325.0,96422.27080017443
8300.0,2,0.02315650022432135,96422.27080017443,94189.46846476062
8300.0,3,0.01310326480347425,94189.46846476062,92955.27891776837
8300.0,4,0.007743581905300399,92955.27891776837,92235.47210193859
8300.0,5,0.004668668197602243,92235.47210193859,91804.85528664544
8300.0,6,0.002844859050879486,91804.85528664544,91543.68341316855
8300.0,7,0.0017440117864522165,91543.68341316855,91384.03015032073
8300.0,8,0.0010729503055695703,91384.03015032073,91285.97962724676
8300.0,9,0.0006615077581030749,91285.97962724676,91225.5932435173
8300.0,10,0.00040836840556721007,91225.5932435173,91188.33959345752
8300.0,11,0.00025229753167596233,91188.33959345752,91165.33300046046
8300.0,12,0.0001559498641535044,91165.33300046046,91151.11577916353
8300.0,13,9.642442350962088e-05,91151.11577916353,91142.32658537227
8400.0,1,0.04896388819085132,101325.0,96363.73402906199
8400.0,2,0.023742745448574864,96363.73402906199,94075.7944215358
8400.0,3,0.013584215940781507,94075.7944215358,92797.84851531309
8400.0,4,0.008115030418508999,92797.84851531309,92044.79115183913
8400.0,5,0.004945874336769951,92044.79115183913,91589.5491814479
8400.0,6,0.0030468549870862273,91589.5491814479,91310.48910675943
8400.0,7,0.0018885381894989818,91310.48910675943,91138.04576097948
8400.0,8,0.00117484803366356,91138.04576097948,91030.97240712526
8400.0,9,0.0007324808156690423,91030.97240712526,90964.29396620534
8400.0,10,0.00045729764110722347,90964.29396620534,90922.69620914961
8400.0,11,0.0002857361736646243,90922.69620914961,90896.71630583554
8400.0,12,0.00017863117490634367,90896.71630583554,90880.4793186067
8400.0,13,0.0001117094423611231,90880.4793186067,90870.3271109405
8400.0,14,6.987313483339228e-05,90870.3271109405,90863.97771632193
8500.0,1,0.04918493230770669,101325.0,96341.33673392162
8500.0,2,0.024093436241556094,96341.33673392162,94020.1428798966
8500.0,3,0.013903943810101438,94020.1428798966,92712.8920962768
8500.0,4,0.008376397008534155,92712.8920962768,91936.292104269
8500.0,5,0.005148550199867913,91936.292104269,91462.95348918045
8500.0,6,0.0031989067128582595,91462.95348918045,91170.37203328607
8500.0,7,0.0019999536962210665,91170.37203328607,90988.03551075225
8500.0,8,0.0012550275738358529,90988.03551075225,90873.8430172971
8500.0,9,0.0007893555330715789,90873.8430172971,90802.11124649992
8500.0,10,0.0004971664672773414,90802.11124649992,90756.96748163017
8500.0,11,0.000313408690526498,90756.96748163017,90728.5234592956
8500.0,12,0.0001976779525219992,90728.5234592956,90710.58843054282
8500.0,13,0.00012472540499235436,90710.58843054282,90699.27451566372
8500.0,14,7.871285885388685e-05,90699.27451566372,90692.13531647062
8600.0,1,0.04963087303121902,101325.0,96296.15179011173
8600.0,2,0.024593605825463643,96296.15179011173,93927.88219047671
8600.0,3,0.014330503610095044,93927.88219047671,92581.8483356575
8600.0,4,0.008715300970254573,92581.8483356575,91774.96966302978
8600.0,5,0.005407722808245248,91774.96966302978,91278.676066357
8600.0,6,0.003392085527575003,91278.676066357,90969.0509902961
8600.0,7,0.0021412061965122554,90969.0509902961,90774.26749462484
8600.0,8,0.001356751873818433,90774.26749462484,90651.10933710702
8600.0,9,0.0008617045856861539,90651.10933710702,90572.9948604937
8600.0,10,0.000548087909758911,90572.9948604937,90523.35289706
8600.0,11,0.0003489319018352213,90523.35289706,90491.76641137313
8600.0,12,0.0002222711606485516,90491.76641137313,90471.65270142374
8600.0,13,0.00014163981417849797,90471.65270142374,90458.83831334669
8600.0,14,9.027949322193798e-05,90458.83831334669,90450.67173526631
8700.0,1,0.049867310575191746,101325.0,96272.1947559687
8700.0,2,0.024952978728611346,96272.1947559687,93869.91672806628
8700.0,3,0.014659875674967212,93869.91672806628,92493.7954192133
8700.0,4,0.008987530989492976,92493.7954192133,91662.5045665473
8700.0,5,0.005621674322168488,91662.5045665473,91147.20781831989
8700.0,6,0.003554995817851236,91147.20781831989,90823.17987571695
8700.0,7,0.0022624795221084875,90823.17987571695,90617.69429111536
8700.0,8,0.0014454773421660333,90617.69429111536,90486.70846721822
8700.0,9,0.000925721316823627,90486.70846721822,90402.94299230092
8700.0,10,0.0005937509832921212,90402.94299230092,90349.26615600674
8700.0,11,0.00038119185683800996,90349.26615600674,90314.82575147678
8700.0,12,0.0002448766789010318,90314.82575147678,90292.70975689123
8700.0,13,0.00015736942362279405,90292.70975689123,90278.50044519945
8700.0,14,0.00010115832406680822,90278.50044519945,90269.36802339515
8700.0,15,6.503578733288472e-05,90269.36802339515,90263.4972839737
8800.0,1,0.049935637822921104,101325.0,96265.27149759252
8800.0,2,0.025197025266864476,96265.27149759252,93839.67301934611
8800.0,3,0.014908371416734671,93839.67301934611,92440.67632034876
8800.0,4,0.009203427680664247,92440.67632034876,91589.90524108274
8800.0,5,0.005796822367194843,91589.90524108274,91058.97482977198
8800.0,6,0.003691508426946461,91058.97482977198,90722.82985683877
8800.0,7,0.002366024348689558,90722.82985683877,90508.17743241547
8800.0,8,0.0015224501007369932,90508.17743241547,90370.38324856597
8800.0,9,0.0009820480395734282,90370.38324856597,90281.63519086121
8800.0,10,0.000634448739689746,90281.63519086121,90224.35612119724
8800.0,11,0.0004102895471031961,90224.35612119724,90187.3380109866
8800.0,12,0.00026549740806830425,90187.3380109866,90163.3935065041
8800.0,13,0.00017187303427249038,90163.3935065041,90147.89685048183
8800.0,14,0.00011129350181514161,90147.89685048183,90137.86397536007
8800.0,15,7.207853011957039e-05,90137.86397536007,90131.36697061661
8900.0,1,0.05025351470997111,101325.0,96233.06262201218
8900.0,2,0.025608939230381114,96233.06262201218,93768.63596937161
8900.0,3,0.015277745405805005,93768.63596937161,92336.06262198194
8900.0,4,0.009507635711912992,92336.06262198194,91458.16497549975
8900.0,5,0.006036748604397739,91458.16497549975,90906.05502572312
8900.0,6,0.003875522958951418,90906.05502572312,90553.74652236323
8900.0,7,0.0025043169351129505,90553.74652236323,90326.97124140935
8900.0,8,0.0016247496252023146,90326.97124140935,90180.21252873921
8900.0,9,0.0010567577917891184,90180.21252873921,90084.91388648427
8900.0,10,0.0006884305863693766,90084.91388648427,90022.89667639436
8900.0,11,0.00044894392684273937,90022.89667639436,89982.4814436547
8900.0,12,0.00029296329836450637,89982.4814436547,89956.11987909595
8900.0,13,0.00019125904721163767,89956.11987909595,89938.91495731701
8900.0,14,0.00012489723575036298,89938.91495731701,89927.68183545246
8900.0,15,8.157614732716591e-05,89927.68183545246,89920.34588163026
9000.0,1,0.05067595157194937,101325.0,96190.25920697223
9000.0,2,0.02609219618099763,96190.25920697223,93680.4440930429
9000.0,3,0.01570038372427576,93680.4440930429,92209.62517332156
9000.0,4,0.00985254907644454,92209.62517332156,91301.12531598085
9000.0,5,0.00630803756467792,91301.12531598085,90725.19438779028
9000.0,6,0.004083728790114927,90725.19438779028,90354.69729948009
9000.0,7,0.002661217891893883,90354.69729948009,90114.24376241006
9000.0,8,0.0017412924129949986,90114.24376241006,89957.32851344379
9000.0,9,0.0011423029963853863,89957.32851344379,89854.56998753606
9000.0,10,0.0007506004927616656,89854.56998753606,89787.12510302653
9000.0,11,0.0004937436660761878,89787.12510302653,89742.79327871172
9000.0,12,0.00032501052346599633,89742.79327871172,89713.6259264909
9000.0,13,0.00021403839976044892,89713.6259264909,89694.42376556089
9000.0,14,0.00014099902305553884,89694.42376556089,89681.77693943641
9000.0,15,9.290220421261054e-05,89681.77693943641,89673.44530468104
9100.0,1,0.051426734529769716,101325.0,96114.18612377108
9100.0,2,0.026803092616590626,96114.18612377108,93538.02869132742
9100.0,3,0.016290789690291935,93538.02869132742,92014.22033787251
9100.0,4,0.01032266391048008,92014.22033787251,91064.38846633979
9100.0,5,0.006673050981235322,91064.38846633979,90456.71115952889
9100.0,6,0.00436204087611263,90456.71115952889,90062.13528793231
9100.0,7,0.0028704164290997043,90062.13528793231,89803.61945516203
9100.0,8,0.0018967023233166433,89803.61945516203,89633.28872149918
9100.0,9,0.001256611036964562,89633.28872149918,89520.65454161231
9100.0,10,0.00083396053065025,89520.65454161231,89445.99784904663
9100.0,11,0.0005540842693120982,89445.99784904663,89396.43722868555
9100.0,12,0.0003684051243370541,89396.43722868555,89363.50312311303
9100.0,13,0.00024506797559143773,89363.50312311303,89341.60299031089
9100.0,14,0.00016307495072629663,89341.60299031089,89327.03361280543
9100.0,15,0.00010853772209373506,89327.03361280543,89317.33826005571
9100.0,16,7.224965302368396e-05,89317.33826005571,89310.88511335742
9200.0,1,0.05227615766200877,101325.0,96028.11832489696
9200.0,2,0.027586259992749006,96028.11832489696,93379.06168617189
9200.0,3,0.01693847745050587,93379.06168617189,91797.36255545127
9200.0,4,0.010838966232923177,91797.36255545127,90802.37404244133
9200.0,5,0.007075417680531289,90802.37404244133,90159.90931970722
9200.0,6,0.004670462003593147,90159.90931970722,89738.82088898213
9200.0,7,0.0031037281809580294,89738.82088898213,89460.29598166305
9200.0,8,0.002071269046482668,89460.29598166305,89274.99963970705
9200.0,9,0.0013860065674174639,89274.99963970705,89151.26390390022
9200.0,10,0.0009290990031678195,89151.26390390022,89068.43355347596
9200.0,11,0.0006235413391235719,89068.43355347596,89012.89570314439
9200.0,12,0.00041879823845707967,89012.89570314439,88975.61725922395
9200.0,13,0.00028142892504658427,88975.61725922395,88950.57694690333
9200.0,14,0.0001891832228480966,88950.57694690333,88933.74899008231
9200.0,15,0.0001272029021137823,88933.74899008231,88922.43635911492
9200.0,16,8.554189305938977e-05,88922.43635911492,88914.8297655733
9300.0,1,0.05320709487107115,101325.0,95933.79111218872
9300.0,2,0.028431069673554445,95933.79111218872,93206.29081302986
9300.0,3,0.017636549993285025,93206.29081302986,91562.4534054172
9300.0,4,0.011397075916422281,91562.4534054172,90518.90917286178
9300.0,5,0.007512493074863178,90518.90917286178,89838.88649455649
9300.0,6,0.0050075368637154324,89838.88649455649,89389.01495863985
9300.0,7,0.003360494898566479,89389.01495863985,89088.62362988346
9300.0,8,0.0022648490493075188,89088.62362988346,88886.8513453512
9300.0,9,0.0015306598136703908,88886.8513453512,88750.79581403318
9300.0,10,0.0010363599257409571,88750.79581403318,88658.8180458739
9300.0,11,0.0007025381994628953,88658.8180458739,88596.53183947744
9300.0,12,0.0004766314305462407,88596.53183947744,88554.30394776535
9300.0,13,0.0003235439702526768,88554.30394776535,88525.65273668313
9300.0,14,0.00021970734823512807,88525.65273668313,88506.20300026957
9300.0,15,0.00014923289010202503,88506.20300026957,88492.99496380388
9300.0,16,0.00010138137298101131,88492.99496380388,88484.02342247525
9300.0,17,6.888136423816989e-05,88484.02342247525,88477.92852222863
9400.0,1,0.05422426879099929,101325.0,95830.725964752
9400.0,2,0.029342001945715415,95830.725964752,93018.86061703492
9400.0,3,0.01838909559689766,93018.86061703492,91308.32789683377
9400.0,4,0.012000667721958319,91308.32789683377,90212.56699349625
9400.0,5,0.007987547575528414,90212.56699349625,89491.98982272515
9400.0,6,0.005376151047846547,89491.98982272515,89010.86736786584
9400.0,7,0.0036432406404576026,89010.86736786584,88686.57935842885
9400.0,8,0.0024796299541289192,88686.57935842885,88466.66945972246
9400.0,9,0.0016924484558189475,88466.66945972246,88316.9441816039
9400.0,10,0.0011573387743826341,88316.9441816039,88214.73155766755
9400.0,11,0.000792416756446601,88214.73155766755,88144.82872621581
9400.0,12,0.0005430219671118572,88144.82872621581,88096.96414793016
9400.0,13,0.0003723342211000066,88096.96414793016,88064.16263340287
9400.0,14,0.0002553995716246036,88064.16263340287,88041.67108399082
9400.0,15,0.0001752365334553156,88041.67108399082,88026.24296675045
9400.0,16,0.00012025673020745793,88026.24296675045,88015.65721859882
9400.0,17,8.253707947401117e-05,88015.65721859882,88008.39266330401
9500.0,1,0.055274649627434405,101325.0,95724.29612650021
9500.0,2,0.030282350061396582,95724.29612650021,92825.53948181674
9500.0,3,0.01916944365510274,92825.53948181674,91046.12553296554
9500.0,4,0.012630279112269095,91046.12553296554,89896.1875553935
9500.0,5,0.008486444554678452,89896.1875553935,89133.28854402767
9500.0,6,0.0057661276330629434,89133.28854402767,88619.33462592818
9500.0,7,0.003944724845520754,88619.33462592818,88269.75573483577
9500.0,8,0.0027105330563126813,88269.75573483577,88030.49764404385
9500.0,9,0.0018678693937479085,88030.49764404385,87866.06817177814
9500.0,10,0.0012896667746792295,87866.06817177814,87752.7502230353
9500.0,11,0.0008916134173753248,87752.7502230353,87674.50869352485
9500.0,12,0.0006169687188351143,87674.50869352485,87620.41626422171
9500.0,13,0.00042718434724590043,87620.41626422171,87582.98619389447
9500.0,14,0.00029590361313528037,87582.98619389447,87557.07007183052
9500.0,15,0.00020502708469642,87557.07007183052,87539.11850100913
9500.0,16,0.00014208860935334506,87539.11850100913,87526.6801893973
9500.0,17,9.848441233471067e-05,87526.6801893973,87518.06017573524
9600.0,1,0.056305241281841494,101325.0,95619.87142711741
9600.0,2,0.03121425258708514,95619.87142711741,92635.16860804676
9600.0,3,0.019949266113422764,92635.16860804676,90787.16497802305
9600.0,4,0.013264598241717116,90787.16497802305,89582.90970908508
9600.0,5,0.008993191544034563,89582.90970908508,88777.27344299933
9600.0,6,0.006165538888313066,88777.27344299933,88229.91371118811
9600.0,7,0.004256123790248782,88229.91371118811,87854.39627643033
9600.0,8,0.0029510932507889292,87854.39627643033,87595.12976052682
9600.0,9,0.0020522363583724075,87595.12976052682,87415.36385041592
9600.0,10,0.00142998703294156,87415.36385041592,87290.36101362995
9600.0,11,0.0009977546173374405,87290.36101362995,87203.26665287955
9600.0,12,0.0006968174200018403,87203.26665287955,87142.50189759476
9600.0,13,0.0004869600114423576,87142.50189759476,87100.06698387359
9600.0,14,0.0003404561984141225,87100.06698387359,87070.41322618665
9600.0,15,0.00023810248098477668,87070.41322618665,87049.68154477712
9600.0,16,0.00016655608361971662,87049.68154477712,87035.18289073868
9600.0,17,0.00011652593908954941,87035.18289073868,87025.0410343185
9600.0,18,8.15324502483612e-05,87025.0410343185,87017.94566949001
9700.0,1,0.05726930707396891,101325.0,95522.1874607301
9700.0,2,0.03210328250711434,95522.1874607301,92455.61169098075
9700.0,3,0.020702088990112697,92455.61169098075,90541.58739011876
9700.0,4,0.013883155311664439,90541.58739011876,89284.5844702171
9700.0,5,0.009491991335699513,89284.5844702171,88437.09596801427
9700.0,6,0.006562255214936624,88437.09596801427,87856.74917380432
9700.0,7,0.004568187056631964,87856.74917380432,87455.40310939078
9700.0,8,0.003194311161895691,87455.40310939078,87176.04333907037
9700.0,9,0.00224029854021768,87176.04333907037,86980.7429764359
9700.0,10,0.0015743962453830763,86980.7429764359,86843.80082127317
9700.0,11,0.0011079663447087,86843.80082127317,86747.58081271661
9700.0,12,0.0007804729306851977,86747.58081271661,86679.87667408986
9700.0,13,0.0005501497369377065,86679.87667408986,86632.18976273981
9700.0,14,0.00038797888710614,86632.18976273981,86598.5783021681
9700.0,15,0.0002737023067251867,86598.5783021681,86574.87607152767
9700.0,16,0.00019312987128294008,86574.87607152767,86558.15587685564
9700.0,17,0.00013629855836066277,86558.15587685564,86546.35812499527
9700.0,18,9.620174703062578e-05,86546.35812499527,86538.0322141445
9800.0,1,0.058116405050623356,101325.0,95436.35525824559
9800.0,2,0.03291145453905043,95436.35525824559,92295.40599079117
9800.0,3,0.021398129106821207,92295.40599079117,90320.45697743374
9800.0,4,0.01446246957701494,90320.45697743374,89014.20011621552
9800.0,5,0.009964355031813874,89014.20011621552,88127.23102338462
9800.0,6,0.006941777099923259,88127.23102338462,87515.47142918684
9800.0,7,0.004869606039878453,87515.47142918684,87089.30556093247
9800.0,8,0.0034314224379748196,87089.30556093247,86790.46536372304
9800.0,9,0.0024253094231671906,86790.46536372304,86579.97163023533
9800.0,10,0.0017177376616329873,86579.97163023533,86431.24995222296
9800.0,11,0.001218335172386235,86431.24995222296,86325.94772041286
9800.0,12,0.0008649867052379865,86325.94772041286,86251.27692331764
9800.0,13,0.0006145478931050292,86251.27692331764,86198.2713828068
9800.0,14,0.0004368335678389032,86198.2713828068,86160.6170843771
9800.0,15,0.0003106186181932533,86160.6170843771,86133.85399255567
9800.0,16,0.00022092559889718615,86133.85399255567,86114.82481927704
9800.0,17,0.00015715946234021546,86114.82481927704,86101.29105970892
9800.0,18,0.00011181213336483937,86101.29105970892,86091.66389067007
9800.0,19,7.955649266160359e-05,86091.66389067007,86084.81473984352
9900.0,1,0.05879869108253904,101325.0,95367.22262606173
9900.0,2,0.03360192210193947,95367.22262606173,92162.70064030249
9900.0,3,0.022007927612402955,92162.70064030249,90134.39059604715
9900.0,4,0.014978871141793717,90134.39059604715,88784.27917386485
9900.0,5,0.01039128783382876,88784.27917386485,87861.69617385021
9900.0,6,0.007288919052907233,87861.69617385021,87221.27938258789
9900.0,7,0.005148301933344753,87221.27938258789,86772.23790131371
9900.0,8,0.003652874510395463,86772.23790131371,86455.26980527403
9900.0,9,0.0025997603857590115,86455.26980527403,86230.50681969417
9900.0,10,0.001854146156030666,86230.50681969417,86070.62285694186
9900.0,11,0.0013243084473146607,86070.62285694186,85956.63880402678
9900.0,12,0.000946846740192182,85956.63880402678,85875.25104077731
9900.0,13,0.0006774616614323168,85875.25104077731,85817.0738505313
9900.0,14,0.0004849676872045271,85817.0738505313,85775.45534270335
9900.0,15,0.00034729581793281996,85775.45534270335,85745.66588578155
9900.0,16,0.0002487708119463585,85745.66588578155,85724.33486685826
9900.0,17,0.00017822969460812662,85724.33486685826,85709.05624483446
9900.0,18,0.00012770809787205565,85709.05624483446,85698.11050429102
9900.0,19,9.15162278205457e-05,85698.11050429102,85690.26773648632
10000.0,1,0.059272134345443296,101325.0,95319.25098744796
10000.0,2,0.03414011738597546,95319.25098744796,92065.04056959323
10000.0,3,0.022503380094133874,92065.04056959323,89993.26596827382
10000.0,4,0.015409409180690217,89993.26596827382,88606.522909462
10000.0,5,0.01075407401205076,88606.522909462,87653.64180414318
10000.0,6,0.007588476192353692,87653.64180414318,86988.48423013934
10000.0,7,0.005391982575540192,86988.48423013934,86519.44383889777
10000.0,8,0.0038487845136325745,86519.44383889777,86186.44914332252
10000.0,9,0.002755751537486488,86186.44914332252,85948.94070358531
10000.0,10,0.0019773440230079708,85948.94070358531,85778.9900794012
10000.0,11,0.0014209266834895905,85778.9900794012,85657.1044235146
10000.0,12,0.0010221573819202791,85657.1044235146,85569.54938191418
10000.0,13,0.00073584799194012,85569.54938191418,85506.58320083028
10000.0,14,0.0005300168746202055,85506.58320083028,85461.26326884273
10000.0,15,0.000381906223871447,85461.26326884273,85428.62508050044
10000.0,16,0.000275259565533635,85428.62508050044,85405.11003427664
10000.0,17,0.00019843273681856933,85405.11003427664,85388.16286455425
10000.0,18,0.00014306898796255025,85388.16286455425,85375.94646650924
10000.0,19,0.00010316248422502528,85375.94646650924,85367.13887177869
10000.0,20,7.43926174334304e-05,85367.13887177869,85360.78818687522
10100.0,1,0.05964817183020472,101325.0,95281.1489893045
10100.0,2,0.03460628281214392,95281.1489893045,91983.82260071461
10100.0,3,0.022944890260574776,91983.82260071461,89873.26388539304
10100.0,4,0.01579988636458917,89873.26388539304,88453.2765287891
10100.0,5,0.011087471652701715,88453.2765287891,87472.55333268756
10100.0,6,0.007866783880561895,87472.55333268756,86784.42566013838
10100.0,7,0.005620551015057426,86784.42566013838,86296.64936840312
10100.0,8,0.004034150556326163,86296.64936840312,85948.51569234449
10100.0,9,0.002904551297863119,85948.51569234449,85698.87381954088
10100.0,10,0.0020957732823441103,85698.87381954088,85519.26840946291
10100.0,11,0.0015144976614263135,85519.26840946291,85389.74967744989
10100.0,12,0.0010956204717103366,85389.74967744989,85296.19491962905
10100.0,13,0.000793204303527784,85296.19491962905,85228.53761074426
10100.0,14,0.0005745779869634794,85228.53761074426,85179.56716917203
10100.0,15,0.0004163751507342305,85179.56716917203,85144.1005140525
10100.0,16,0.00030181759381523837,85144.1005140525,85118.40252650778
10100.0,17,0.00021882342045294738,85118.40252650778,85099.77662652344
10100.0,18,0.0001586747297806794,85099.77662652344,85086.27344246283
10100.0,19,0.00011507171033895379,85086.27344246283,85076.48241945144
10100.0,20,8.345709941269147e-05,85076.48241945144,85069.38218300047
10200.0,1,0.06006991483608735,101325.0,95238.41587923345
10200.0,2,0.035105869453566946,95238.41587923345,91894.98848441256
10200.0,3,0.023413574785410406,91894.98848441256,89743.39829912834
10200.0,4,0.016213193923266433,89743.39829912834,88288.37117917163
10200.0,5,0.01144032224286605,88288.37117917163,87278.32376258414
10200.0,6,0.008161748998493836,87278.32376258414,86565.97999102465
10200.0,7,0.005863380325773778,86565.97999102465,86058.41072706395
10200.0,8,0.004231686711792081,86058.41072706395,85694.23849395229
10200.0,9,0.003063685827104758,85694.23849395229,85431.69827001383
10200.0,10,0.002222927336942602,85431.69827001383,85241.78981248799
10200.0,11,0.001615387891366596,85241.78981248799,85104.09125738648
10200.0,12,0.0011751843032488886,85104.09125738648,85004.07826519854
10200.0,13,0.0008556134854703151,85004.07826519854,84931.34762951486
10200.0,14,0.0006232984176992526,84931.34762951486,84878.41005492432
10200.0,15,0.00045424780706278224,84878.41005492432,84839.85422328989
10200.0,16,0.0003311455830754707,84839.85422328989,84811.75988029508
10200.0,17,0.00024145654806142627,84811.75988029508,84791.28152551937
10200.0,18,0.0001760869914018085,84791.28152551937,84776.35088385844
10200.0,19,0.00012842963179222672,84776.35088385844,84765.46308832974
10200.0,20,9.36783815896545e-05,84765.46308832974,84757.52239693292
10300.0,1,0.06033217847580377,101325.0,95211.84201593918
10300.0,2,0.03548607901752894,95211.84201593918,91833.14706675708
10300.0,3,0.02379063726966019,91833.14706675708,89648.3779755605
10300.0,4,0.016556219216931324,89648.3779755605,88164.13977735481
10300.0,5,0.011739517500072794,88164.13977735481,87129.13531555969
10300.0,6,0.008416010566065139,87129.13531555969,86395.85559213182
10300.0,7,0.006075548477743538,86395.85559213182,85870.95338320569
10300.0,8,0.004406298460053102,85870.95338320569,85492.58033354998
10300.0,9,0.003205813452579954,85492.58033354998,85218.50706942091
10300.0,10,0.002337566102686214,85218.50706942091,85019.30317597391
10300.0,11,0.001707145493056764,85019.30317597391,84874.16285573422
10300.0,12,0.0012481427493287677,84874.16285573422,84768.22778476049
10300.0,13,0.0009132901738077135,84768.22778476049,84690.80979527357
10300.0,14,0.0006686628773458868,84690.80979527357,84634.18019471111
10300.0,15,0.0004897676100372227,84634.18019471111,84592.72911454969
10300.0,16,0.0003588452534678045,84592.72911454969,84562.37341522904
10300.0,17,0.00026297976542585995,84562.37341522904,84540.13522210445
10300.0,18,0.00019275650576785897,84540.13522210445,84523.8395610419
10300.0,19,0.0001413019340096406,84523.8395610419,84511.896179042
10300.0,20,0.00010359182379266961,84511.896179042,84503.14143758464
10300.0,21,7.595054687793423e-05,84503.14143758464,84496.72337777955
10400.0,1,0.06058920922493233,101325.0,95185.79837528373
10400.0,2,0.03586111288237658,95185.79837528373,91772.32971494854
10400.0,3,0.024164311578872007,91772.32971494854,89554.71454539755
10400.0,4,0.016897669422465074,89554.71454539755,88041.4485837862
10400.0,5,0.012038647176993713,88041.4485837862,86981.54864733457
10400.0,6,0.008671340104378427,86981.54864733457,86227.30205620799
10400.0,7,0.006289561101136194,86227.30205620799,85684.97017133934
10400.0,8,0.004583227359124892,85684.97017133934,85292.25647178426
10400.0,9,0.0033504898286113604,85292.25647178426,85006.48563401624
10400.0,10,0.002454804736519279,85006.48563401624,84797.811310447
10400.0,11,0.0018014267728344838,84797.811310447,84645.05426287459
10400.0,12,0.0013234652148945232,84645.05426287459,84533.02947794482
10400.0,13,0.00097312215904545,84533.02947794482,84450.76851378859
10400.0,14,0.0007159506576970135,84450.76851378859,84390.30593052812
10400.0,15,0.0005269739809565581,84390.30593052812,84345.83443505777
10400.0,16,0.00038800248096192163,84345.83443505777,84313.10804203816
10400.0,17,0.00028574714432481305,84313.10804203816,84289.015812186
10400.0,18,0.00021047679130759155,84289.015812186,84271.27493059538
10400.0,19,0.00015505350214450368,84271.27493059538,84258.2083742872
10400.0,20,0.000114235063431742,84258.2083742872,84248.58313250892
10400.0,21,8.416801012055454e-05,84248.58313250892,84241.49209691118
10500.0,1,0.060843463053831266,101325.0,95160.03610607055
10500.0,2,0.03623279098210415,95160.03610607055,91712.12240798981
10500.0,3,0.02453595988425123,91712.12240798981,89461.87745168783
10500.0,4,0.017238560992949344,89461.87745168783,87919.68342069315
10500.0,5,0.01233846876160416,87919.68342069315,86834.8891532768
10500.0,6,0.008928303730006908,86834.8891532768,86059.60088855487
10500.0,7,0.006505844790241381,86059.60088855487,85499.71048246381
10500.0,8,0.004762799437515003,85499.71048246381,85092.49250947023
10500.0,9,0.00349796904559553,85092.49250947023,84794.84160465954
10500.0,10,0.0025748459599528547,84794.84160465954,84576.50794932894
10500.0,11,0.0018983975385912955,84576.50794932894,84415.94811481528
10500.0,12,0.001401290542108927,84415.94811481528,84297.65684511884
10500.0,13,0.0010352280395693927,84297.65684511884,84210.38954708277
10500.0,14,0.0007652645965405942,84210.38954708277,84145.9463173015
10500.0,15,0.0005659569765328212,84145.9463173015,84098.32333193626
10500.0,16,0.00041869654576338525,84098.32333193626,84063.11165445269
10500.0,17,0.000309828584602115,84063.11165445269,84037.06649955154
10500.0,18,0.00022930939948833122,84037.06649955154,84017.79601029777
10500.0,19,0.0001697383626103641,84017.79601029777,84003.53496717285
10500.0,20,0.00012565530980258543,84003.53496717285,83992.97947696203
10500.0,21,9.302790413104892e-05,83992.97947696203,83985.16578611957
10600.0,1,0.060941520140720545,101325.0,95150.10047174149
10600.0,2,0.0364853018704845,95150.10047174149,91678.52033302307
10600.0,3,0.024814393531502152,91678.52033302307,89403.57345109362
10600.0,4,0.017506493381737563,89403.57345109362,87838.43038416836
10600.0,5,0.012581377496073062,87838.43038416836,86733.3019328426
10600.0,6,0.009141081769518208,86733.3019328426,85940.46572773418
10600.0,7,0.006688005624143077,85940.46572773418,85365.69540960561
10600.0,8,0.004916165722180996,85365.69540960561,84946.02350398277
10600.0,9,0.0036254362497213236,84946.02350398277,84638.05711110175
10600.0,10,0.002679691946288151,84638.05711110175,84411.25319111165
10600.0,11,0.0019838963169822366,84411.25319111165,84243.79001679395
10600.0,12,0.0014705044693510917,84243.79001679395,84119.90914705918
10600.0,13,0.0010909071575126534,84119.90914705918,84028.14213608134
10600.0,14,0.0008098103111517745,84028.14213608134,83960.09528015261
10600.0,15,0.0006014235104345552,83960.09528015261,83909.5997049128
10600.0,16,0.00044681341155380526,83909.5997049128,83872.10777040654
10600.0,17,0.0003320335116894511,83872.10777040654,83844.25941993074
10600.0,18,0.00024678514566963685,83844.25941993074,83823.56790215622
10600.0,19,0.00018344945668866605,83823.56790215622,83808.19051416687
10600.0,20,0.00013638248206625727,83808.19051416687,83796.76054512706
10600.0,21,0.00010139906839433045,83796.76054512706,83788.26363167333
10600.0,22,7.539351764263362e-05,83788.26363167333,83781.94653974097
10700.0,1,0.06138892840890233,101325.0,95104.76682896797
10700.0,2,0.03700037244471228,95104.76682896797,91585.85503502864
10700.0,3,0.025300066890319897,91585.85503502864,89268.72677643527
10700.0,4,0.017939888290732085,89268.72677643527,87667.25579021014
10700.0,5,0.012956970068460725,87667.25579021014,86531.3537809523
10700.0,6,0.009460418903542045,86531.3537809523,85712.73092589389
10700.0,7,0.006955751175969467,85712.73092589389,85116.53449696055
10700.0,8,0.005138220595969442,85116.53449696055,84679.18696635072
10700.0,9,0.0038079645451089095,84679.18696635072,84356.73162467421
10700.0,10,0.002828608330795839,84356.73162467421,84118.11947084195
10700.0,11,0.0021046088282883238,84118.11947084195,83941.0837339846
10700.0,12,0.0015678047275150381,83941.0837339846,83809.48050607373
10700.0,13,0.0011689464001078352,83809.48050607373,83711.51171554124
10700.0,14,0.0008721242791346394,83711.51171554124,83638.50487373106
10700.0,15,0.0006509833682188057,83638.50487373106,83584.05759811557
10700.0,16,0.0004860885131825129,83584.05759811557,83543.42834783194
10700.0,17,0.0003630572911909274,83543.42834783194,83513.09729703917
10700.0,18,0.00027121894797387213,83513.09729703917,83490.44696264823
10700.0,19,0.0002026414317024822,83490.44696264823,83473.52833894224
10700.0,20,0.00015142015740978213,83473.52833894224,83460.88876414161
10700.0,21,0.00011315516306842173,83460.88876414161,83451.44473366367
10700.0,22,8.456513634531125e-05,83451.44473366367,83444.38765086155
10800.0,1,0.061442231117647794,101325.0,95099.36593200434
10800.0,2,0.037215643622746354,95099.36593200434,91560.18182072972
10800.0,3,0.025549525332649998,91560.18182072972,89220.86263583894
10800.0,4,0.018186162420623084,89220.86263583894,87598.27753663548
10800.0,5,0.013184307175130364,87598.27753663548,86443.35493758015
10800.0,6,0.00966249625090031,86443.35493758015,85608.09634458054
10800.0,7,0.007130989445805792,85608.09634458054,84997.62591307181
10800.0,8,0.005287510018365317,84997.62591307181,84548.20011451918
10800.0,9,0.003933433404669089,84548.20011451918,84215.63539988408
10800.0,10,0.002932921540790451,84215.63539988408,83968.6375487484
10800.0,11,0.0021905634161628203,83968.6375487484,83784.69892322908
10800.0,12,0.0016381012673256068,83784.69892322908,83647.45110174044
10800.0,13,0.0012260677631060128,83647.45110174044,83544.89365847861
10800.0,14,0.0009182803600098489,83544.89365847861,83468.17602345292
10800.0,15,0.000688095921205548,83468.17602345292,83410.74191198072
10800.0,16,0.0005157995783660795,83410.74191198072,83367.71868647131
10800.0,17,0.0003867505930800607,83367.71868647131,83335.47617182559
10800.0,18,0.00029004748567931803,83335.47617182559,83311.30492649406
10800.0,19,0.0002175570163898374,83311.30492649406,83293.17996756271
10800.0,20,0.0001632023380906856,83293.17996756271,83279.586325845
10800.0,21,0.0001224380969569549,83279.586325845,83269.3897317799
10800.0,22,9.186168793024695e-05,83269.3897317799,83261.74046508622
10900.0,1,0.06166990418601513,101325.0,95076.29695835202
10900.0,2,0.03756166938347468,95076.29695835202,91505.07252579734
10900.0,3,0.025902612473043228,91505.07252579734,89134.8520928439
10900.0,4,0.01851576251301231,89134.8520928439,87484.45233986032
10900.0,5,0.013479077315408594,87484.45233986032,86305.24264287516
10900.0,6,0.009919313393330345,86305.24264287516,85449.15389361307
10900.0,7,0.00735072193761542,85449.15389361307,84821.04092353661
10900.0,8,0.0054729747241380215,84821.04092353661,84356.81751048702
10900.0,9,0.004088300948234594,84356.81751048702,84011.94145346884
10900.0,10,0.00306110449706702,84011.94145346884,83754.7721216783
10900.0,11,0.002295874692159476,83754.7721216783,83562.48166001655
10900.0,12,0.0017240718451546947,83562.48166001655,83418.41393807526
10900.0,13,0.0012958607569260462,83418.41393807526,83310.3152890479
10900.0,14,0.0009746633628497751,83310.3152890479,83229.1157769882
10900.0,15,0.000733447868963517,83229.1157769882,83168.07155938585
10900.0,16,0.0005521369954503768,83168.07155938585,83122.15139023765
10900.0,17,0.00041576355378478765,83122.15139023765,83087.5922291774
10900.0,18,0.00031313918923154914,83087.5922291774,83061.57424791156
10900.0,19,0.00023588323117798693,83061.57424791156,83041.98141539123
10900.0,20,0.0001777085357138299,83041.98141539123,83027.22414647113
10900.0,21,0.00013389312882571979,83027.22414647113,83016.10737165244
10900.0,22,0.00010088752559062014,83016.10737165244,83007.73208199555
10900.0,23,7.602188128398522e-05,83007.73208199555,83001.42167804156
11000.0,1,0.06198356095374471,101325.0,95044.51568636182
11000.0,2,0.037972159458194064,95044.51568636182,91435.47018109246
11000.0,3,0.026307436389377645,91435.47018109246,89030.03736557053
11000.0,4,0.018887732100943817,89030.03736557053,87348.46187087262
11000.0,5,0.013808894638306141,87348.46187087262,86142.27616407964
11000.0,6,0.010205277273196952,86142.27616407964,85263.1703508809
11000.0,7,0.007594760361466377,85263.1703508809,84615.61700440708
11000.0,8,0.005678729186683055,84615.61700440708,84135.10783047495
11000.0,9,0.004260103026662886,84135.10783047495,83776.68360295774
11000.0,10,0.003203407661667771,83776.68360295774,83508.31273283491
11000.0,11,0.0024129410128630167,83508.31273283491,83306.81210012686
11000.0,12,0.0018198090174495346,83306.81210012686,83155.20961225207
11000.0,13,0.0013737498439348936,83155.20961225207,83040.97515602487
11000.0,14,0.0010377412463566335,83040.97515602487,82954.80011096779
11000.0,15,0.0007843218636950801,82954.80011096779,82889.7368475423
11000.0,16,0.0005930172535975704,82889.7368475423,82840.58180344554
11000.0,17,0.0004485040733025554,82840.58180344554,82803.42746507195
11000.0,18,0.0003392816271456065,82803.42746507195,82775.33378346836
11000.0,19,0.0002566999702948075,82775.33378346836,82754.085357745
11000.0,20,0.00019424295014336477,82754.085357745,82738.0109600687
11000.0,21,0.0001469959837584717,82738.0109600687,82725.8488047534
11000.0,22,0.00011124909030777304,82725.8488047534,82716.64562932894
11000.0,23,8.419973942001225e-05,82716.64562932894,82709.68090932125
11100.0,1,0.062335408053942325,101325.0,95008.8647789343
11100.0,2,0.03841110650334405,95008.8647789343,91359.46915514884
11100.0,3,0.026735674264395066,91359.46915514884,88916.91214684873
11100.0,4,0.01927960360308419,88916.91214684873,87202.62932704722
11100.0,5,0.014155900695731477,87202.62932704722,85968.19756588686
11100.0,6,0.010506201109041846,85968.19756588686,85064.99839327781
11100.0,7,0.007851855630607625,85064.99839327781,84397.08030667593
11100.0,8,0.005895876823251312,84397.08030667593,83899.48551694572
11100.0,9,0.004441825063668379,83899.48551694572,83526.81867934766
11100.0,10,0.0033543189130096516,83526.81867934766,83246.643091708
11100.0,11,0.002537446372776799,83246.643091708,83035.4091991491
11100.0,12,0.0019219459487453436,83035.4091991491,82875.81963083638
11100.0,13,0.0014571187492022275,82875.81963083638,82755.05972019679
11100.0,14,0.0011054890424750093,82755.05972019679,82663.57490846675
11100.0,15,0.0008391569902153893,82663.57490846675,82594.20719174611
11100.0,16,0.0006372421885285289,82594.20719174611,82541.57467839547
11100.0,17,0.000484056413698168,82541.57467839547,82501.61989977564
11100.0,18,0.00036777805468246665,82501.61989977564,82471.27761450075
11100.0,19,0.00027947959437408555,82471.27761450075,82448.22857528554
11100.0,20,0.00021240797491051195,82448.22857528554,82430.7159140189
11100.0,21,0.00016144861360037802,82430.7159140189,82417.4075892165
11100.0,22,0.00012272422265226677,82417.4075892165,82407.2929769371
11100.0,23,9.329339755444686e-05,82407.2929769371,82399.60492059201
11200.0,1,0.06256392232892137,101325.0,94985.71057002204
11200.0,2,0.0387543754896615,94985.71057002204,91304.5986764391
11200.0,3,0.027087980313526643,91304.5986764391,88831.34150495726
11200.0,4,0.01961120283448917,88831.34150495726,87089.25204864377
11200.0,5,0.014455235017025328,87089.25204864377,85830.35644282367
11200.0,6,0.010769604650173684,85830.35644282367,84905.99743695097
11200.0,7,0.008079584017879088,84905.99743695097,84219.9922970373
11200.0,8,0.006090174981134694,84219.9922970373,83707.07780703853
11200.0,9,0.004605878330249191,83707.07780703853,83321.5331912786
11200.0,10,0.003491655041993526,83321.5331912786,83030.60313980465
11200.0,11,0.002651591336761637,83030.60313980465,82810.43991183305
11200.0,12,0.0020162310742353807,82810.43991183305,82643.47492961171
11200.0,13,0.0015345808465300733,82643.47492961171,82516.65183589404
11200.0,14,0.0011688281994671097,82516.65183589404,82420.20404630264
11200.0,15,0.0008907297526308912,82420.20404630264,82346.78991834068
11200.0,16,0.0006790757497152159,82346.78991834068,82290.87021024025
11200.0,17,0.0005178744471767942,82290.87021024025,82248.25387132242
11200.0,18,0.000395032107945596,82248.25387132242,82215.76317022079
11200.0,19,0.0003013821590481671,82215.76317022079,82190.98480600875
11200.0,20,0.00022996483173852255,82190.98480600875,82172.08377001742
11200.0,21,0.0001754890519958225,82172.08377001742,82157.6634689361
11200.0,22,0.00013392840450917134,82157.6634689361,82146.6602241495
11200.0,23,0.00010221657483073051,82146.6602241495,82138.2634739076
11200.0,24,7.801708998711774e-05,82138.2634739076,82131.85528561477
11300.0,1,0.0626915243157473,101325.0,94972.7812987069
11300.0,2,0.03901841198501448,94972.7812987069,91267.09419063128
11300.0,3,0.027376902388324558,91267.09419063128,88768.48386170834
11300.0,4,0.01989215019257151,88768.48386170834,87002.68784836438
11300.0,5,0.014714262626890915,87002.68784836438,85722.50745011814
11300.0,6,0.011001103659233664,85722.50745011814,84779.46525972996
11300.0,7,0.008282204554773144,84779.46525972996,84077.30438640459
11300.0,8,0.006264833640030293,84077.30438640459,83550.57406152158
11300.0,9,0.004754665493028106,83550.57406152158,83153.31903010857
11300.0,10,0.0036172009993321766,83153.31903010857,82852.53676141507
11300.0,11,0.0027566912452089945,82852.53676141507,82624.13789868153
11300.0,12,0.0021036251990567993,82624.13789868153,82450.32768014751
11300.0,13,0.0016068312633721624,82450.32768014751,82317.84391595577
11300.0,14,0.0012282563171551173,82317.84391595577,82216.73650415141
11300.0,15,0.0009393921174552431,82216.73650415141,82139.50274995652
11300.0,16,0.0007187634907801785,82139.50274995652,82080.46387422901
11300.0,17,0.0005501267253504879,82080.46387422901,82035.30921742263
11300.0,18,0.00042115721214065234,82035.30921742263,82000.75945529553
11300.0,19,0.00032248209523919557,82000.75945529553,81974.31567857518
11300.0,20,0.00024696074612832173,81974.31567857518,81954.07124041184
11300.0,21,0.00018914585002556715,81954.07124041184,81938.56996794401
11300.0,22,0.00014487762020509736,81938.56996794401,81926.69890292405
11300.0,23,0.00011097700939386148,81926.69890292405,81917.60692289029
11300.0,24,8.501304346719014e-05,81917.60692289029,81910.64285781223
11400.0,1,0.06286673437793011,101325.0,94955.02813915623
11400.0,2,0.03931762698038782,94955.02813915623,91221.62176286866
11400.0,3,0.027694132538337794,91221.62176286866,88695.31807940565
11400.0,4,0.020196530620394608,88695.31807940565,86903.9803719293
11400.0,5,0.01499298796625011,86903.9803719293,85601.03003999373
11400.0,6,0.011249311524901016,85601.03003999373,84638.07738622143
11400.0,7,0.008499073540636677,84638.07738622143,83918.73214217783
11400.0,8,0.006451675674077106,83918.73214217783,83377.31569941675
11400.0,9,0.0049138797832745836,83377.31569941675,82967.60959341768
11400.0,10,0.0037516676551282747,82967.60959341768,82656.34269608275
11400.0,11,0.0028694131644484352,82656.34269608275,82419.16749822545
11400.0,12,0.0021975190359438744,82419.16749822545,82238.04980872145
11400.0,13,0.0016846110855727608,82238.04980872145,82099.5106783578
11400.0,14,0.0012923757564353225,82099.5106783578,81993.40726114188
11400.0,15,0.0009920233579359548,81993.40726114188,81912.06788594207
11400.0,16,0.0007617990049735837,81912.06788594207,81849.66735413123
11400.0,17,0.0005851944639648549,81849.66735413123,81801.76938191823
11400.0,18,0.00044964310305723674,81801.76938191823,81764.98778049777
11400.0,19,0.00034555582450028775,81764.98778049777,81736.73341273003
11400.0,20,0.00026560223595627046,81736.73341273003,81715.02395357584
11400.0,21,0.0002041708362217373,81715.02395357584,81698.34012880336
11400.0,22,0.0001569614037284779,81698.34012880336,81685.51664265446
11400.0,23,0.00012067591041529507,81685.51664265446,81675.65916856586
11400.0,24,9.278338501648086e-05,81675.65916856586,81668.08102443475
11500.0,1,0.06289603360502055,101325.0,94952.0593949713
11500.0,2,0.0395020317815455,94952.0593949713,91201.26012702794
11500.0,3,0.027918706514278132,91201.26012702794,88655.03891180911
11500.0,4,0.020425964657051727,88655.03891180911,86844.17422032695
11500.0,5,0.015211189138739726,86844.17422032695,85523.1710606639
11500.0,6,0.011448786024853322,85523.1710606639,84544.03457502343
11500.0,7,0.008676840265777128,84544.03457502343,83810.45949159161
11500.0,8,0.006607260501313539,83810.45949159161,83256.70195299588
11500.0,9,0.005048203819979369,83256.70195299588,82836.40515215788
11500.0,10,0.0038663905956793235,82836.40515215788,82516.1272542977
11500.0,11,0.0029665340084039917,82516.1272542977,82271.34035655603
11500.0,12,0.002279132269943992,82271.34035655603,82083.83308985786
11500.0,13,0.0017527605967326352,82083.83308985786,81939.95978158918
11500.0,14,0.0013489714962322762,81939.95978158918,81829.4251114414
11500.0,15,0.0010387985516228761,81829.4251114414,81744.4208231555
11500.0,16,0.00080029337401483,81744.4208231555,81679.00130480804
11500.0,17,0.0006167537778620737,81679.00130480804,81628.6254721813
11500.0,18,0.00047542855937803534,81628.6254721813,81589.81689236905
11500.0,19,0.0003665589001249334,81589.81689236905,81559.90941882759
11500.0,20,0.00028266212135139056,81559.90941882759,81536.85552181404
11500.0,21,0.00021799257842630544,81536.85552181404,81519.08109244207
11500.0,22,0.00016813358496729514,81519.08109244207,81505.37499709475
11500.0,23,0.0001296871705883204,81505.37499709475,81494.80479562364
11500.0,24,0.00010003742323748448,81494.80479562364,81486.65226534464
11500.0,25,7.716949454147036e-05,81486.65226534464,81480.36398157745
11600.0,1,0.06297253441190712,101325.0,94944.30795071351
11600.0,2,0.039721151651075905,94944.30795071351,91173.01069619677
11600.0,3,0.028171033345441302,91173.01069619677,88604.57277166993
11600.0,4,0.02067821094290806,88604.57277166993,86772.3887253911
11600.0,5,0.015448434722996394,86772.3887253911,85431.89114240842
11600.0,6,0.011664313644008556,85431.89114240842,84435.38676892257
11600.0,7,0.00886822136614276,84435.38676892257,83686.59506791989
11600.0,8,0.006774433850647223,83686.59506791989,83119.66576544636
11600.0,9,0.005192410869460557,83119.66576544636,82688.07430945993
11600.0,10,0.0039895472433792495,82688.07430945993,82358.18633053829
11600.0,11,0.0030708492809518595,82358.18633053829,82105.27675326465
11600.0,12,0.0023668762366703382,82105.27675326465,81910.94372481211
11600.0,13,0.0018261261424895611,81910.94372481211,81761.36400912024
11600.0,14,0.0014099963783371855,81761.36400912024,81646.08078197947
11600.0,15,0.0010893264107468155,81646.08078197947,81557.1415498497
11600.0,16,0.0008419597231710933,81557.1415498497,81488.47372152776
11600.0,17,0.0006509876440987368,81488.47372152776,81435.42573199858
11600.0,18,0.0005034635078472673,81435.42573199858,81394.42596689651
11600.0,19,0.00038944923087910543,81394.42596689651,81362.72697030586
11600.0,20,0.0003013014437045676,81362.72697030586,81338.21226320596
11600.0,21,0.0002331329464286176,81338.21226320596,81319.2496461238
11600.0,22,0.00018040405597974528,81319.2496461238,81304.57932365841
11600.0,23,0.00013961111648296774,81304.57932365841,81293.22830056386
11600.0,24,0.0001080482421724924,81293.22830056386,81284.44471014546
11600.0,25,8.362458363149308e-05,81284.44471014546,81277.64733230085
11700.0,1,0.06314065971767847,101325.0,94927.27265410623
11700.0,2,0.0400099855281802,94927.27265410623,91129.23384898582
11700.0,3,0.028479721114992546,91129.23384898582,88533.89868354377
11700.0,4,0.020976837018309002,88533.89868354377,86676.73752026359
11700.0,5,0.015724189224148376,86676.73752026359,85313.81609816312
11700.0,6,0.011911979300320438,85313.81609816312,84297.55968677046
11700.0,7,0.009086504473619597,84297.55968677046,83531.5895335614
11700.0,8,0.006964163828933709,83531.5895335614,82949.86185915844
11700.0,9,0.0053555450928929275,82949.86185915844,82505.62013352248
11700.0,10,0.004128586729597926,82505.62013352248,82164.98852512197
11700.0,11,0.003188487014878225,82164.98852512197,81903.006526132
11700.0,12,0.0024657860525605355,81903.006526132,81701.05123497709
11700.0,13,0.0019088398774015805,81701.05123497709,81545.09701035413
11700.0,14,0.0014788375528788894,81545.09701035413,81424.50505864207
11700.0,15,0.00114638025197285,81424.50505864207,81331.16161401618
11700.0,16,0.0008890662985916197,81331.16161401618,81258.85281919985
11700.0,17,0.0006897492801163631,81258.85281919985,81202.80458396472
11700.0,18,0.0005352605627265861,81202.80458396472,81159.33992508813
11700.0,19,0.00041546024992240497,81159.33992508813,81125.62144543932
11700.0,20,0.0003225250690454675,81125.62144543932,81099.45639878127
11700.0,21,0.0002504098861441251,81099.45639878127,81079.1482931381
11700.0,22,0.00019443806349550498,81079.1482931381,81063.38342055412
11700.0,23,0.0001509883773418103,81063.38342055412,81051.14379182961
11700.0,24,0.00011725486839845079,81051.14379182961,81041.64015063076
11700.0,25,9.106211795978346e-05,81041.64015063076,81034.26032723571
11800.0,1,0.06339970343013472,101325.0,94901.0250499416
11800.0,2,0.04036858727429779,94901.0250499416,91070.00473779271
11800.0,3,0.02884522735279128,91070.00473779271,88443.0697461113
11800.0,4,0.021322545851016807,88443.0697461113,86557.23833624517
11800.0,5,0.016039299923100863,86557.23833624517,85168.9208300548
11800.0,6,0.012192704992659644,85168.9208300548,84130.48130383076
11800.0,7,0.009332637369152188,84130.48130383076,83345.32203012987
11800.0,8,0.007177389634572519,83345.32203012987,82747.12017970071
11800.0,9,0.005538513391149359,82747.12017970071,82288.82414650639
11800.0,10,0.004284367862264001,82288.82414650639,81936.2685529096
11800.0,11,0.0033202480587716807,81936.2685529096,81664.21981630381
11800.0,12,0.002576599174949294,81664.21981630381,81453.80385490225
11800.0,13,0.002001573726893124,81453.80385490225,81290.76806115077
11800.0,14,0.001556101679051125,81290.76806115077,81164.27136047946
11800.0,15,0.0012105034509050717,81164.27136047946,81066.0217299074
11800.0,16,0.0009420963546696227,81066.0217299074,80989.64972634809
11800.0,17,0.0007334657436529926,80989.64972634809,80930.24659268335
11800.0,18,0.0005711949503193021,80930.24659268335,80884.01964450152
11800.0,19,0.00044491991352445953,80884.01964450152,80848.03273347577
11800.0,20,0.0003466182590920729,80848.03273347577,80820.00932911868
11800.0,21,0.0002700704220889666,80820.00932911868,80798.18223508593
11800.0,22,0.0002104486420756435,80798.18223508593,80781.17836735238
11800.0,23,0.00016400197445594046,80781.17836735238,80767.93009460125
11800.0,24,0.00012781398038743972,80767.93009460125,80757.6068239682
11800.0,25,9.96157805262807e-05,80757.6068239682,80749.562091931
11900.0,1,0.06337805190425169,101325.0,94903.2188908017
11900.0,2,0.040505840598229786,94903.2188908017,91059.08423415197
11900.0,3,0.029030504891550995,91059.08423415197,88415.59304387227
11900.0,4,0.021520697266295102,88415.59304387227,86512.82783235515
11900.0,5,0.016233505302116636,86512.82783235515,85108.42138303751
11900.0,6,0.012374454995267575,85108.42138303751,84055.25105291484
11900.0,7,0.009497883664260917,84055.25105291484,83256.90405704401
11900.0,8,0.007324648168010786,83256.90405704401,82647.07652726833
11900.0,9,0.005667802350086518,82647.07652726833,82178.6492326993
11900.0,10,0.004396569687062067,82178.6492326993,81817.34507455911
11900.0,11,0.00341671176923825,81817.34507455911,81537.79878871504
11900.0,12,0.0026588888807505453,81537.79878871504,81320.99884215485
11900.0,13,0.0020713101737077585,81320.99884215485,81152.55782991702
11900.0,14,0.0016148646318386683,81152.55782991702,81021.50743449424
11900.0,15,0.0012597743983947239,81021.50743449424,80919.43861370892
11900.0,16,0.0009832279961008712,80919.43861370892,80839.87635623515
11900.0,17,0.0007676691156073375,80839.87635623515,80777.81807984695
11900.0,18,0.0005995379382097244,80777.81807984695,80729.38871334228
11900.0,19,0.00046833284576722445,80729.38871334228,80691.58048898912
11900.0,20,0.0003659036325925896,80691.58048898912,80662.05514656856
11900.0,21,0.00028591475339458734,80662.05514656856,80638.99267496302
11900.0,22,0.0002234351057027635,80638.99267496302,80620.97509311093
11900.0,23,0.00017462296035481464,80620.97509311093,80606.89681977348
11900.0,24,0.00013648303312359486,80606.89681977348,80595.89534600484
11900.0,25,0.00010667861264187473,80595.89534600484,80587.2974877047
11900.0,26,8.338592352398709e-05,80587.2974877047,80580.57764147938
12000.0,1,0.06326542140428643,101325.0,94914.63117621068
12000.0,2,0.04056947236999007,94914.63117621068,91063.9946691996
12000.0,3,0.029155124097643665,91063.9946691996,88409.01260379193
12000.0,4,0.021668862605439754,88409.01260379193,86493.28985659777
12000.0,5,0.016386627897649504,86493.28985659777,85075.95650007416
12000.0,6,0.012522558640632753,85075.95650007416,84010.58784589406
12000.0,7,0.009635679625331486,84010.58784589406,83201.08873627525
12000.0,8,0.007449599424768972,83201.08873627525,82581.27395348535
12000.0,9,0.0057790348568560815,82581.27395348535,82104.03389278457
12000.0,10,0.004494212894087148,82104.03389278457,81735.04088500705
12000.0,11,0.0035014823292815436,81735.04088500705,81448.8470836651
12000.0,12,0.0027318225926113984,81448.8470836651,81226.34328305979
12000.0,13,0.0021335887126747227,81226.34328305979,81053.03967385921
12000.0,14,0.0016677047354187859,81053.03967385921,80917.86713577503
12000.0,15,0.001304358902438701,80917.86713577503,80812.32119541013
12000.0,16,0.0010206650947327347,80812.32119541013,80729.83887994164
12000.0,17,0.0007989706043353081,80729.83887994164,80665.33811178384
12000.0,18,0.0006256100751048749,80665.33811178384,80614.87306354937
12000.0,19,0.0004899754120051312,80614.87306354937,80575.37375790632
12000.0,20,0.0003838141213352319,80575.37375790632,80544.44779162617
12000.0,21,0.00030069556365358504,80544.44779162617,80520.2284334983
12000.0,22,0.00023560228971443719,80520.2284334983,80501.25768331104
12000.0,23,0.00018461555121552638,80501.25768331104,80486.39589925029
12000.0,24,0.00014467231893748795,80486.39589925029,80474.75174571262
12000.0,25,0.000113376963120192,80474.75174571262,80465.62776275184
12000.0,26,8.885494226373023e-05,80465.62776275184,80458.47799404277
12100.0,1,0.06324452043661584,101325.0,94916.7489667599
12100.0,2,0.04070304789383225,94916.7489667599,91053.34798763902
12100.0,3,0.02933626913860869,91053.34798763902,88382.18246510225
12100.0,4,0.021863482261342344,88382.18246510225,86449.84018655776
12100.0,5,0.016578253425665792,86449.84018655776,85016.6528273367
12100.0,6,0.012702734374795617,85016.6528273367,83936.70886903683
12100.0,7,0.009800273628313047,83936.70886903683,83114.10615466021
12100.0,8,0.0075969847875876975,83114.10615466021,82482.68955456931
12100.0,9,0.005909068970956417,82482.68955456931,81995.29365308137
12100.0,10,0.004607621642576015,81995.29365308137,81617.49036345606
12100.0,11,0.0035994737762728686,81617.49036345606,81323.7103472076
12100.0,12,0.002815840502731129,81323.7103472076,81094.71574977956
12100.0,13,0.0022051553531140457,81094.71574977956,80915.88930323467
12100.0,14,0.0017283223554574855,80915.88930323467,80776.04056284016
12100.0,15,0.0013554503760949508,80776.04056284016,80666.5526482798
12100.0,16,0.001063540821195355,80666.5526482798,80580.76047663325
12100.0,17,0.000834812918768175,80580.76047663325,80513.4906167832
12100.0,18,0.0006554691516479379,80513.4906167832,80460.7165073924
12100.0,19,0.0005147724893460144,80460.7165073924,80419.29754406132
12100.0,20,0.000404349162188691,80419.29754406132,80386.78006847558
12100.0,21,0.00031765736064057605,80386.78006847558,80361.24461608863
12100.0,22,0.00024957966913497545,80361.24461608863,80341.18808324607
12100.0,23,0.00019610878087133576,80341.18808324607,80325.43247079731
12100.0,24,0.00015410414863609254,80325.43247079731,80313.05398841258
12100.0,25,0.00012110295351966623,80313.05398841258,80303.3278403684
12100.0,26,9.517289581169738e-05,80303.3278403684,80295.68514011451
12200.0,1,0.06322369640844368,101325.0,94918.85896141444
12200.0,2,0.04083468861526688,94918.85896141444,91042.87691200865
12200.0,3,0.029515327913663427,91042.87691200865,88355.71654574742
12200.0,4,0.02205635195506163,88355.71654574742,86406.91176437275
12200.0,5,0.016768622464195908,86406.91176437275,84957.9868826989
12200.0,6,0.012882164986689674,84957.9868826989,83863.54407873895
12200.0,7,0.009964587806736125,83863.54407873895,83027.87842998227
12200.0,8,0.007744482266654923,83027.87842998227,82384.8704978433
12200.0,9,0.006039525921621306,82384.8704978433,81887.30493692216
12200.0,10,0.004721685300271823,81887.30493692216,81500.65885292261
12200.0,11,0.0036982814793169766,81500.65885292261,81199.24647573472
12200.0,12,0.002900775565925103,81199.24647573472,80963.70568558638
12200.0,13,0.0022776904487296183,80963.70568558638,80779.29542645256
12200.0,14,0.0017899205448890713,80779.29542645256,80634.70690596709
12200.0,15,0.0014075047498707948,80634.70690596709,80521.2131729925
12200.0,16,0.0011073401413960835,80521.2131729925,80432.04880141214
12200.0,17,0.0008715247048048477,80432.04880141214,80361.95028382364
12200.0,18,0.0006861343051825265,80361.95028382364,80306.81119290253
12200.0,19,0.00054030735340553,80306.81119290253,80263.42083228646
12200.0,20,0.00042555215754102097,80263.42083228646,80229.26456037966
12200.0,21,0.00033521822194314233,80229.26456037966,80202.37024896592
12200.0,22,0.0002640899290024702,80202.37024896592,80181.18961070104
12200.0,23,0.00020807259661880306,80181.18961070104,80164.50610237876
12200.0,24,0.00016394888472195314,80164.50610237876,80151.36322100899
12200.0,25,0.00012918915832071,80151.36322100899,80141.0085338562
12200.0,26,0.00010180346924261238,80141.0085338562,80132.84990115886
12200.0,27,8.022578457138607e-05,80132.84990115886,80126.4211804056
12300.0,1,0.0630233101113299,101325.0,94939.1631029695
12300.0,2,0.04082232057859131,94939.1631029695,91063.52615131691
12300.0,3,0.02957556562311817,91063.52615131691,88370.2708577561
12300.0,4,0.02215073774162756,88370.2708577561,86412.80416382935
12300.0,5,0.016877335705049595,86412.80416382935,84954.3862587417
12300.0,6,0.012993970842872104,84954.3862587417,83850.49144072151
12300.0,7,0.01007299852476268,83850.49144072151,83005.8655641385
12300.0,8,0.007845863298180131,83005.8655641385,82354.61288997515
12300.0,9,0.006132025184024902,82354.61288997515,81849.6123297132
12300.0,10,0.004804577921944088,81849.6123297132,81456.35948939418
12300.0,11,0.0037715496667305106,81456.35948939418,81149.14278390887
12300.0,12,0.0029648321382402193,81149.14278390887,80908.5491973925
12300.0,13,0.0023331948101231546,80908.5491973925,80719.77379031054
12300.0,14,0.0018376561920871927,80719.77379031054,80571.4385981809
12300.0,15,0.0014482986227257553,80571.4385981809,80454.74709462812
12300.0,16,0.0011420107554420927,80454.74709462812,80362.86690811969
12300.0,17,0.0009008501532692961,80362.86690811969,80290.47200714835
12300.0,18,0.0007108339311901403,80290.47200714835,80233.3988152944
12300.0,19,0.000561032729360248,80233.3988152944,80188.3852525712
12300.0,20,0.0004428842840367936,80188.3852525712,80152.87107698055
12300.0,21,0.0003496687603004275,80152.87107698055,80124.84412191654
12300.0,22,0.00027610492723487194,80124.84412191654,80102.72125766055
12300.0,23,0.00021803763399364307,80102.72125766055,80085.25584984108
12300.0,24,0.00017219489625403916,80085.25584984108,80071.46557751854
12300.0,25,0.00013599844308403804,80071.46557751854,80060.57598286454
12300.0,26,0.00010741556031260815,80060.57598286454,80051.97623123639
12300.0,27,8.484298225823464e-05,80051.97623123639,80045.18438283727
12400.0,1,0.06300379063167666,101325.0,94941.14091424536
12400.0,2,0.04095082847193744,94941.14091424536,91053.22253773606
12400.0,3,0.02975083654908546,91053.22253773606,88344.31299674837
12400.0,4,0.02234021202460993,88344.31299674837,86370.68231323251
12400.0,5,0.01706508423734988,86370.68231323251,84896.75934391981
12400.0,6,0.013171651542347127,84896.75934391981,83778.5288127672
12400.0,7,0.010236391539560985,83778.5288127672,82920.93898923132
12400.0,8,0.007993162369496076,82920.93898923132,82258.13846005932
12400.0,9,0.006262875920857453,82258.13846005932,81742.96594540325
12400.0,10,0.004919494357024327,81742.96594540325,81340.83188570841
12400.0,11,0.003871545161164158,81340.83188570841,81025.91718161623
12400.0,12,0.003051181121903508,81025.91718161623,80778.69243272676
12400.0,13,0.0024072784000375865,80778.69243272676,80584.23563125018
12400.0,14,0.0019008632923386173,80584.23563125018,80431.05601579757
12400.0,15,0.0015019643915409333,80431.05601579757,80310.25143368781
12400.0,16,0.001187380430788851,80310.25143368781,80214.89261274372
12400.0,17,0.0009390600602647158,80214.89261274372,80139.56601085266
12400.0,18,0.0007429040068405466,80139.56601085266,80080.03000615674
12400.0,19,0.000587866602912673,80080.03000615674,80032.95363095588
12400.0,20,0.0004652741341819733,80032.95363095588,79995.7163677492
12400.0,21,0.00036830300669053945,79995.7163677492,79966.2537048886
12400.0,22,0.0002915774114753919,79966.2537048886,79942.93735162794
12400.0,23,0.0002308573740906923,79942.93735162794,79924.48193503385
12400.0,24,0.0001827958072334274,79924.48193503385,79909.87207484082
12400.0,25,0.00014474863692647615,79909.87207484082,79898.30522978102
12400.0,26,0.00011462599495524959,79898.30522978102,79889.14680704882
12400.0,27,9.077533887286763e-05,79889.14680704882,79881.89484267514
12500.0,1,0.06298434161058508,101325.0,94943.11158630747
12500.0,2,0.04107751493887363,94943.11158630747,91043.08450177778
12500.0,3,0.029924117369946577,91043.08450177778,88318.70055542461
12500.0,4,0.022527988380940073,88318.70055542461,86329.05789549228
12500.0,5,0.017251582714825145,86329.05789549228,84839.74501251527
12500.0,6,0.013348555668098741,84839.74501251527,83707.2569533484
12500.0,7,0.010399445950184412,83707.2569533484,82836.74785902386
12500.0,8,0.008140497960585276,82836.74785902386,82162.41548201596
12500.0,9,0.006394066234703985,82162.41548201596,81637.06355542068
12500.0,10,0.005034982075589984,81637.06355542068,81226.02240371534
12500.0,11,0.003972278293750049,81226.02240371534,80903.3700380334
12500.0,12,0.0031383772595087113,80903.3700380334,80649.46474128842
12500.0,13,0.002482271178136142,80649.46474128842,80449.27089942902
12500.0,14,0.0019650033428738516,80449.27089942902,80291.18781317987
12500.0,15,0.001556557100215092,80291.18781317987,80166.20999470456
12500.0,16,0.0012336487680616713,80166.20999470456,80067.31304850442
12500.0,17,0.0009781244870358515,80067.31304850442,79988.99724900052
12500.0,18,0.0007757739014003501,79988.99724900052,79926.94387253556
12500.0,19,0.0006154393138155853,79926.94387253556,79877.75368904327
12500.0,20,0.0004883389161961182,79877.75368904327,79838.74627337858
12500.0,21,0.0003875479131016109,79838.74627337858,79807.80493387568
12500.0,22,0.00030759780005919815,79807.80493387568,79783.25622865047
12500.0,23,0.0002441651052635872,79783.25622865047,79763.77594149513
12500.0,24,0.00019382851627905748,79763.77594149513,79748.31544715157
12500.0,25,0.0001538786807031054,79748.31544715157,79736.04388158227
12500.0,26,0.0001221688292341043,79736.04388158227,79726.3026224535
12500.0,27,9.699719226616797e-05,79726.3026224535,79718.56939494936
12600.0,1,0.06261250182375502,101325.0,94980.78825270802
12600.0,2,0.04092206971828678,94980.78825270802,91093.97781393287
12600.0,3,0.029863919021201595,91093.97781393287,88373.55463717844
12600.0,4,0.02252126295733134,88373.55463717844,86383.27057472046
12600.0,5,0.017275755880387586,86383.27057472046,84890.93428012212
12600.0,6,0.01338998717045628,84890.93428012212,83754.24575922324
12600.0,7,0.010449531480093666,83754.24575922324,82879.05313157073
12600.0,8,0.008193747378726707,82879.05313157073,82199.96310722257
12600.0,9,0.00644701143146417,82199.96310722257,81670.01900540438
12600.0,10,0.005085500980788639,81670.01900540438,81254.68604365137
12600.0,11,0.004019153702536259,81254.68604365137,80928.1109713906
12600.0,12,0.003180999320962704,80928.1109713906,80670.67870534382
12600.0,13,0.002520432857224821,80670.67870534382,80467.35367612024
12600.0,14,0.001998758431125548,80467.35367612024,80306.51887452973
12600.0,15,0.001586121425278672,80306.51887452973,80179.1429843533
12600.0,16,0.0012593317485396225,80179.1429843533,80078.1708440224
12600.0,17,0.001000282215531767,80078.1708440224,79998.07007387481
12600.0,18,0.0007947775662393279,79998.07007387481,79934.48940243766
12600.0,19,0.0006316545441975963,79934.48940243766,79883.99841896849
12600.0,20,0.0005021128692307971,79883.99841896849,79843.88763531671
12600.0,21,0.0003992017969271864,79843.88763531671,79812.01381189904
12600.0,22,0.00031742315937958126,79812.01381189904,79786.67963031842
12600.0,23,0.00025242265660081916,79786.67963031842,79766.53966468478
12600.0,24,0.000200748658401923,79766.53966468478,79750.52663886173
12600.0,25,0.00015966305494751458,79750.52663886173,79737.7934261449
12600.0,26,0.0001269924876825696,79737.7934261449,79727.66732539539
12600.0,27,0.00010101106663328241,79727.66732539539,79719.61394867867
12600.0,28,8.034773819253288e-05,79719.61394867867,79713.20865800831
12700.0,1,0.06242130454391616,101325.0,95000.1613170877
12700.0,2,0.04090776735121442,95000.1613170877,91113.91681960043
12700.0,3,0.02991922841126075,91113.91681960043,88387.8587308302
12700.0,4,0.02261020125709132,88387.8587308302,86389.39145624277
12700.0,5,0.01737958117049608,86389.39145624277,84887.98001515924
12700.0,6,0.013497916753453748,84887.98001515924,83742.16912754577
12700.0,7,0.010555207687035597,83742.16912754577,82858.25314024166
12700.0,8,0.008293495759451146,82858.25314024166,82171.06856918754
12700.0,9,0.006538854495264598,82171.06856918754,81633.76390809321
12700.0,10,0.005168552049987738,81633.76390809321,81211.83555029782
12700.0,11,0.004093225506576324,81211.83555029782,80879.41719358746
12700.0,12,0.0032463438607676096,80879.41719358746,80616.8547941186
12700.0,13,0.002577565967973643,80616.8547941186,80409.0595327562
12700.0,14,0.002048341026963025,80409.0595327562,80244.35435717575
12700.0,15,0.0016288795900791587,80244.35435717575,80113.64596614426
12700.0,16,0.0012960038292882344,80113.64596614426,80009.8183741939
12700.0,17,0.001031584809435209,80009.8183741939,79927.28146095341
12700.0,18,0.0008213847281066428,79927.28146095341,79861.6304126023
12700.0,19,0.0006541861882687374,79861.6304126023,79809.38603701376
12700.0,20,0.000521129484911222,79809.38603701376,79767.7950127772
12700.0,21,0.00041520341117455453,79767.7950127772,79734.67515218603
12700.0,22,0.0003308510641954336,79734.67515218603,79708.29485005865
12700.0,23,0.0002636628458543624,79708.29485005865,79687.27873420028
12700.0,24,0.00021013622966249926,79687.27873420028,79670.53354989502
12700.0,25,0.00016748705932060725,79670.53354989502,79657.18976651624
12700.0,26,0.00013350087719932665,79657.18976651624,79646.55546180718
12700.0,27,0.0001064155089891279,79646.55546180718,79638.07983306848
12700.0,28,8.482815575949538e-05,79638.07983306848,79631.32428162801
12800.0,1,0.062057337249369425,101325.0,95037.04030320764
12800.0,2,0.04075345086985842,95037.04030320764,91163.95295039412
12800.0,3,0.029857770153843895,91163.95295039412,88442.00059688541
12800.0,4,0.022601263408127865,88442.00059688541,86443.0996450534
12800.0,5,0.017401294554046307,86443.0996450534,84938.87780596505
12800.0,6,0.01353700598080248,84938.87780596505,83789.05970910305
12800.0,7,0.01060324796964379,83789.05970910305,82900.62353186414
12800.0,8,0.008345069695378779,82900.62353186414,82208.81205070038
12800.0,9,0.0065905048059054444,82208.81205070038,81667.01447979246
12800.0,10,0.005218132800471963,81667.01447979246,81240.86515281883
12800.0,11,0.004139477852911467,81240.86515281883,80904.57039076737
12800.0,12,0.003288609077029732,80904.57039076737,80638.5068862071
12800.0,13,0.0026155873437812564,80638.5068862071,80427.58982817412
12800.0,14,0.0020821256315948114,80427.58982817412,80260.12948190549
12800.0,15,0.0016586014784606366,80260.12948190549,80127.00991248536
12800.0,16,0.0013219364551454104,80127.00991248536,80021.08709704025
12800.0,17,0.0010540542479850494,80021.08709704025,79936.74053025723
12800.0,18,0.0008407378041343185,79936.74053025723,79869.53469055417
12800.0,19,0.000670769287493244,79869.53469055417,79815.96065967737
12800.0,20,0.0005352749954547462,79815.96065967737,79773.23717169804
12800.0,21,0.0004272215727597422,79773.23717169804,79739.15632384941
12800.0,22,0.0003410256031203613,79739.15632384941,79711.96322997176
12800.0,23,0.00027224921287812123,79711.96322997176,79690.26171072543
12800.0,24,0.00021736158123702854,79690.26171072543,79672.9401094308
12800.0,25,0.0001735513621077241,79672.9401094308,79659.11276215168
12800.0,26,0.00013857869260637935,79659.11276215168,79648.07370645092
12800.0,27,0.00011065814573807483,79648.07370645092,79639.25999830295
12800.0,28,8.8365974741959e-05,79639.25999830295,79632.22259746547
12900.0,1,0.06152389350966954,101325.0,95091.09149013273
12900.0,2,0.0404613101461616,95091.09149013273,91243.58134521345
12900.0,3,0.029680962611397736,91243.58134521345,88535.38401877614
12900.0,4,0.022495279710831505,88535.38401877614,86543.75579096789
12900.0,5,0.017341278481903366,86543.75579096789,85042.97642092688
12900.0,6,0.01350730167479358,85042.97642092688,83894.27528308706
12900.0,7,0.010593453932465212,83894.27528308706,83005.54514267812
12900.0,8,0.008348098025774825,83005.54514267812,82312.60671514417
12900.0,9,0.006601475896606747,82312.60671514417,81769.22202592727
12900.0,10,0.005233686408884682,81769.22202592727,81341.2675599451
12900.0,11,0.004157318138495148,81341.2675599451,81003.10603290996
12900.0,12,0.0033071926390995233,81003.10603290996,80735.21315689372
12900.0,13,0.0026339040446320453,80735.21315689372,80522.56435241555
12900.0,14,0.002099542239546811,80522.56435241555,80353.50382732102
12900.0,15,0.0016747491406205817,80353.50382732102,80218.93186584036
12900.0,16,0.00133662939594837,80218.93186584036,80111.7088833969
12900.0,17,0.001067231029169724,80111.7088833969,80026.21118187673
12900.0,18,0.0008524190316322818,80026.21118187673,79957.99531643587
12900.0,19,0.0006810273664350775,79957.99531643587,79903.5417334601
12900.0,20,0.000544212725248455,79903.5417334601,79860.05720925632
12900.0,21,0.0004349572212358695,79860.05720925632,79825.32150068485
12900.0,22,0.00034768271211255044,79825.32150068485,79797.56761641023
12900.0,23,0.0002779498380960544,79797.56761641023,79775.3878954108
12900.0,24,0.00022222200337182252,79775.3878954108,79757.66004889291
12900.0,25,0.00017767955533827363,79757.66004889291,79743.4887433206
12900.0,26,0.00014207302330338021,79743.4887433206,79732.15934478608
12900.0,27,0.00011360691420578266,79732.15934478608,79723.10122019995
12900.0,28,9.084751771273051e-05,79723.10122019995,79715.85857434974
13000.0,1,0.06099796184654456,101325.0,95144.38151589887
13000.0,2,0.04017239320733926,95144.38151589887,91322.20401017308
13000.0,3,0.029505481914003186,91322.20401017308,88627.69837140401
13000.0,4,0.02238957955253641,88627.69837140401,86643.36146815926
13000.0,5,0.017280968038787935,86643.36146815926,85146.08030785485
13000.0,6,0.013477003347075219,85146.08030785485,83998.56629855555
13000.0,7,0.010582936837483571,83998.56629855555,83109.61477697876
13000.0,8,0.008350378006380195,83109.61477697876,82415.61807762635
13000.0,9,0.006611734125929761,82415.61807762635,81870.70792307291
13000.0,10,0.0052485955456447785,81870.70792307291,81441.00169014909
13000.0,11,0.004174597270650329,81441.00169014909,81101.01830677436
13000.0,12,0.003325301957133819,81101.01830677436,80831.3329318733
13000.0,13,0.002651830137495507,80831.3329318733,80616.98196715063
13000.0,14,0.002116644740676854,80616.98196715063,80446.34445626062
13000.0,15,0.0016906501902342707,80446.34445626062,80310.33782870199
13000.0,16,0.0013511336264206341,80310.33782870199,80201.82783071243
13000.0,17,0.0010802676256245675,80201.82783071243,80115.188392591
13000.0,18,0.000863999905987673,80115.188392591,80045.96887735161
13000.0,19,0.0006912171540632639,80045.96887735161,79990.63973054997
13000.0,20,0.0005531074730748438,79990.63973054997,79946.39630993897
13000.0,21,0.0004426694601283561,79946.39630993897,79911.00648184524
13000.0,22,0.00035433120352344624,79911.00648184524,79882.69151874376
13000.0,23,0.00028365272375513456,79882.69151874376,79860.03257571357
13000.0,24,0.00022709241224378685,79860.03257571357,79841.89696827409
13000.0,25,0.00018182296525748087,79841.89696827409,79827.37987781553
13000.0,26,0.00014558585715300374,79827.37987781553,79815.75814029174
13000.0,27,0.00011657598743378693,79815.75814029174,79806.45353947376
13000.0,28,9.335005686991678e-05,79806.45353947376,79799.00360249727
13100.0,1,0.0606066611921284,101325.0,95184.03005470759
13100.0,2,0.03998838391556469,95184.03005470759,91377.7745182493
13100.0,3,0.029415774805921197,91377.7745182493,88689.82648075423
13100.0,4,0.0223549026987898,88689.82648075423,86707.17403940442
13100.0,5,0.01727981061689029,86707.17403940442,85208.89049287776
13100.0,6,0.01349612281461235,85208.89049287776,84058.90084188903
13100.0,7,0.010613773356309593,84058.90084188903,83166.71871977272
13100.0,8,0.008387293179547386,83166.71871977272,82469.17506708903
13100.0,9,0.006651010952504882,82469.17506708903,81920.67168047378
13100.0,10,0.0052878179837313015,81920.67168047378,81487.49007952242
13100.0,11,0.004212243027193664,81487.49007952242,81144.24496763144
13100.0,12,0.0033604654188461266,81144.24496763144,80871.56253847934
13100.0,13,0.002684029542268383,80871.56253847934,80654.50087549665
13100.0,14,0.002145686194073776,80654.50087549665,80481.44162647819
13100.0,15,0.0017165311727592497,80481.44162647819,80343.29272309774
13100.0,16,0.0013739744847705733,80343.29272309774,80232.90308887375
13100.0,17,0.001100263149757022,80232.90308887375,80144.62578220703
13100.0,18,0.0008813854294200194,80144.62578220703,80073.98747679628
13100.0,19,0.0007062451865585415,80073.98747679628,80017.43560857224
13100.0,20,0.0005660319650712094,80017.43560857224,79972.14318225476
13100.0,21,0.0004537355731955351,79972.14318225476,79935.85697602828
13100.0,22,0.0003637690221815336,79935.85697602828,79906.77878749887
13100.0,23,0.00029167375529544316,79906.77878749887,79883.47207725636
13100.0,24,0.00023388802570082864,79883.47207725636,79864.78828968608
13100.0,25,0.00018756414741212215,79864.78828968608,79849.80851876228
13100.0,26,0.0001504238326161553,79849.80851876228,79837.79720453122
13100.0,27,0.00012064337608871902,79837.79720453122,79828.16530313698
13100.0,28,9.676233625845895e-05,79828.16530313698,79820.44094336302
13200.0,1,0.059711282046269576,101325.0,95274.75434666174
13200.0,2,0.03939874026675832,95274.75434666174,91521.0490461784
13200.0,3,0.028987956311722848,91521.0490461784,88868.04087482474
13200.0,4,0.022036189537540527,88868.04087482474,86909.7278822772
13200.0,5,0.017039404170651473,86909.7278822772,85428.83790252975
13200.0,6,0.013313577179519493,85428.83790252975,84291.47447575776
13200.0,7,0.010474665160415226,84291.47447575776,83408.54950474651
13200.0,8,0.008281099975798243,83408.54950474651,82717.83496746139
13200.0,9,0.006569900044969407,82717.83496746139,82174.38705978889
13200.0,10,0.005225884649682349,82174.38705978889,81744.95319185608
13200.0,11,0.004164999556808894,81744.95319185608,81404.48549804064
13200.0,12,0.003324483052160634,81404.48549804064,81133.85766563255
13200.0,13,0.0026566798352696728,81133.85766563255,80918.31098201462
13200.0,14,0.002124950200439174,80918.31098201462,80746.36360087419
13200.0,15,0.0017008565366570733,80746.36360087419,80609.02562053235
13200.0,16,0.0013621672738794006,80609.02562053235,80499.22264385276
13200.0,17,0.001091405366104943,80499.22264385276,80411.36536029198
13200.0,18,0.0008747717699040525,80411.36536029198,80341.02376789536
13200.0,19,0.0007013343846647114,80341.02376789536,80284.67784542777
13200.0,20,0.0005624092615069702,80284.67784542777,80239.5249990504
13200.0,21,0.0004510837270930549,80239.5249990504,80203.33025505365
13200.0,22,0.00036184590193544757,80203.33025505365,80174.30900867928
13200.0,23,0.00029029501177656484,80174.30900867928,80151.03480670143
13200.0,24,0.00023291369825879907,80151.03480670143,80132.36653276533
13200.0,25,0.00018688831596068908,80132.36653276533,80117.39072973008
13200.0,26,0.00014996663022154855,80117.39072973008,80105.3757946202
13200.0,27,0.00012034483072207969,80105.3757946202,80095.73552673026
13200.0,28,9.657762941452737e-05,80095.73552673026,80088.00007046688
13300.0,1,0.059289513695971865,101325.0,95317.49002475565
13300.0,2,0.03918508343355619,95317.49002475565,91582.46622545844
13300.0,3,0.02887103069264613,91582.46622545844,88938.386032155
13300.0,4,0.021977091950773832,88938.386032155,86983.77894437291
13300.0,5,0.017016659020818732,86983.77894437291,85503.60563773425
13300.0,6,0.013313823115169756,85503.60563773425,84365.22575656422
13300.0,7,0.010489146601341225,84365.22575656422,83480.30653554837
13300.0,8,0.008303947159295003,83480.30653554837,82787.09048123543
13300.0,9,0.006597153235216816,82787.09048123543,82240.93135943296
13300.0,10,0.005254888369502216,82240.93135943296,81808.76444573524
13300.0,11,0.004194004143563009,81808.76444573524,81465.65814867006
13300.0,12,0.003352372540813201,81465.65814867006,81192.55491327318
13300.0,13,0.0026827815648126116,81192.55491327318,80974.73302375182
13300.0,14,0.0021488996009777065,80974.73302375182,80800.7264522678
13300.0,15,0.0017225003236438468,80800.7264522678,80661.54717480311
13300.0,16,0.0013814939451180514,80661.54717480311,80550.11373577727
13300.0,17,0.0011084953842938755,80550.11373577727,80460.82430649681
13300.0,18,0.0008897620637456824,80460.82430649681,80389.23331741118
13300.0,19,0.0007143933117599539,80389.23331741118,80331.80378679172
13300.0,20,0.0005737192223956237,80331.80378679172,80285.71588678952
13300.0,21,0.000460829362804402,80285.71588678952,80248.71787149512
13300.0,22,0.00037020634517925214,80248.71787149512,80219.00928694659
13300.0,23,0.0002974390569872339,80219.00928694659,80195.14902047183
13300.0,24,0.00023899704861303562,80195.14902047183,80175.98261654285
13300.0,25,0.00019205228446684172,80175.98261654285,80160.58463592197
13300.0,26,0.0001543378359681669,80160.58463592197,80148.21282475932
13300.0,27,0.00012403555460494355,80148.21282475932,80138.271596731
13300.0,28,9.96865860386362e-05,80138.271596731,80130.28288602449
13400.0,1,0.05862205402235606,101325.0,95385.12037618477
13400.0,2,0.03877231047392074,95385.12037618477,91686.81887436703
13400.0,3,0.028587340907393014,91686.81887436703,89065.7365264911
13400.0,4,0.02177734364905507,89065.7365264911,87126.12137479751
13400.0,5,0.01687502763993801,87126.12137479751,85655.86566843721
13400.0,6,0.013213544479665985,85655.86566843721,84524.04807748302
13400.0,7,0.01041867306058541,84524.04807748302,83643.41965480652
13400.0,8,0.00825506666306696,83643.41965480652,82952.93764962921
13400.0,9,0.006563919655948445,82952.93764962921,82408.44123167214
13400.0,10,0.00523295284161461,82408.44123167214,81977.20174495583
13400.0,11,0.004180170211423584,81977.20174495583,81634.52308820571
13400.0,12,0.003344287511099403,81634.52308820571,81361.51377216727
13400.0,13,0.002678716141029118,81361.51377216727,81143.5693719672
13400.0,14,0.0021475874403787177,81143.5693719672,80969.30646151646
13400.0,15,0.0017230196637043507,80969.30646151646,80829.79475432677
13400.0,16,0.0013831795009664153,80829.79475432677,80717.99263915526
13400.0,17,0.001110872418168966,80717.99263915526,80628.32524748245
13400.0,18,0.000892496900990588,80628.32524748245,80556.36471706702
13400.0,19,0.0007172561642760817,80556.36471706702,80498.58516790203
13400.0,20,0.0005765562759458043,80498.58516790203,80452.17320341872
13400.0,21,0.0004635418619972897,80452.17320341872,80414.88025325027
13400.0,22,0.00037273497355414176,80414.88025325027,80384.90681498572
13400.0,23,0.0002997523248093344,80384.90681498572,80360.81125228835
13400.0,24,0.0002410827111124436,80360.81125228835,80341.43765004445
13400.0,25,0.00019391104674403256,80341.43765004445,80325.85855777281
13400.0,26,0.00015597877806443496,80325.85855777281,80313.32942850799
13400.0,27,0.00012547284535476225,80313.32942850799,80303.25228654468
13400.0,28,0.00010093715748008556,80303.25228654468,80295.14670452247
13400.0,29,8.120188862778527e-05,80295.14670452247,80288.62658696242
13500.0,1,0.05833674129596413,101325.0,95414.02968818643
13500.0,2,0.03866307852633915,95414.02968818643,91725.02956583763
13500.0,3,0.028554978388804532,91725.02956583763,89105.82332887268
13500.0,4,0.021787834213445732,89105.82332887268,87164.40042273061
13500.0,5,0.016910013640069055,87164.40042273061,85690.4492226538
13500.0,6,0.01326191662095564,85690.4492226538,84554.02962985073
13500.0,7,0.010473399167811552,84554.02962985073,83668.46152629034
13500.0,8,0.008311638527434799,83668.46152629034,82973.03951793723
13500.0,9,0.006619474394557293,82973.03951793723,82423.80160740965
13500.0,10,0.005285730006269303,82423.80160740965,81988.13164602258
13500.0,11,0.004229157029277089,81988.13164602258,81641.3909627545
13500.0,12,0.003388978639408048,81641.3909627545,81364.71003269017
13500.0,13,0.002718947344804252,81364.71003269017,81143.48367038602
13500.0,14,0.00218341902195133,81143.48367038602,80966.3134446327
13500.0,15,0.0017546543687451631,80966.3134446327,80824.24554902589
13500.0,16,0.0014109047943076524,80824.24554902589,80710.21023348447
13500.0,17,0.001135020204734678,80710.21023348447,80618.60251414108
13500.0,18,0.0009134158219843661,80618.60251414108,80544.9642070584
13500.0,19,0.0007352929780945397,80544.9642070584,80485.74006045607
13500.0,20,0.0005920437887816345,80485.74006045607,80438.08897796778
13500.0,21,0.00047679155170314016,80438.08897796778,80399.73677670794
13500.0,22,0.0003840329411017203,80399.73677670794,80368.86062932978
13500.0,23,0.0003093575679521004,80368.86062932978,80343.9979140664
13500.0,24,0.0002492269814719211,80343.9979140664,80323.9740219869
13500.0,25,0.00020079975050339474,80323.9740219869,80307.84498804384
13500.0,26,0.00016179252873669943,80307.84498804384,80294.85177872583
13500.0,27,0.00013036938825366207,80294.85177872583,80284.38378801952
13500.0,28,0.0001050534683082523,80284.38378801952,80275.9496350516
13500.0,29,8.465630986206038e-05,80275.9496350516,80269.15376938482
13600.0,1,0.057972473305253215,101325.0,95450.93914234522
13600.0,2,0.038488429115773076,95450.93914234522,91777.1824371311
13600.0,3,0.028467188300777373,91777.1824371311,89164.54410297849
13600.0,4,0.02175121349417191,89164.54410297849,87225.1070680841
13600.0,5,0.016904965408008666,87225.1070680841,85750.56965038828
13600.0,6,0.013276315879703519,85750.56965038828,84612.1180008452
13600.0,7,0.010499350315980089,84612.1180008452,83723.74573297729
13600.0,8,0.008343889020386342,83723.74573297729,83025.16409021028
13600.0,9,0.0066545165924568024,83025.16409021028,82472.67175818053
13600.0,10,0.005321244606382691,82472.67175818053,82033.81449841334
13600.0,11,0.004263647519045064,82033.81449841334,81684.05122874938
13600.0,12,0.003421521932311918,81684.05122874938,81404.56745595012
13600.0,13,0.002749019466409298,81404.56745595012,81180.78471535908
13600.0,14,0.002210771419106039,81180.78471535908,81001.31255672977
13600.0,15,0.0017792254342561557,81001.31255672977,80857.1929612207
13600.0,16,0.0014327564227598858,80857.1929612207,80741.34429867918
13600.0,17,0.0011542924003759291,80741.34429867918,80648.14517855908
13600.0,18,0.0009302944434500033,80648.14517855908,80573.11865722491
13600.0,19,0.0007499870873325097,80573.11865722491,80512.68985864588
13600.0,20,0.0006047700281301482,80512.68985864588,80463.99819693524
13600.0,21,0.00048776365172453187,80463.99819693524,80424.75078334234
13600.0,22,0.00039345495328259425,80424.75078334234,80393.10726678012
13600.0,23,0.0003174197775310466,80393.10726678012,80367.58890455647
13600.0,24,0.0002561037238577934,80367.58890455647,80347.00646576054
13600.0,25,0.0002066485555482424,80347.00646576054,80330.40287293177
13600.0,26,0.00016675416801820435,80330.40287293177,80317.00744343412
13600.0,27,0.00013456851402489633,80317.00744343412,80306.19930309153
13600.0,28,0.00010859961824384408,80306.19930309153,80297.4780805046
13600.0,29,8.764511593311117e-05,80297.4780805046,80290.4403987291
13700.0,1,0.0574062165738523,101325.0,95508.31510565442
13700.0,2,0.0381494514972025,95508.31510565442,91864.72527095172
13700.0,3,0.028241317160880786,91864.72527095172,89270.34442867759
13700.0,4,0.02159776256959502,89270.34442867759,87342.30472520104
13700.0,5,0.016800853714742874,87342.30472520104,85874.87944040445
13700.0,6,0.01320668789159512,85874.87944040445,84740.75670990667
13700.0,7,0.010454064694641647,84740.75670990667,83854.87135698841
13700.0,8,0.008315803997454099,83854.87135698841,83157.55068255197
13700.0,9,0.006638517481704683,83157.55068255197,82605.5078286101
13700.0,10,0.005313637723713459,82605.5078286101,82166.5720860255
13700.0,11,0.0042617582403498815,82166.5720860255,81816.39802035657
13700.0,12,0.0034234167295901573,81816.39802035657,81536.30639461888
13700.0,13,0.0027533081266070533,81536.30639461888,81311.81181960905
13700.0,14,0.0022164635697987127,81311.81181960905,81131.58715091656
13700.0,15,0.0017856251161547318,81131.58715091656,80986.71655118639
13700.0,16,0.0014393839820794065,80986.71655118639,80870.1455686214
13700.0,17,0.0011608263499573526,80870.1455686214,80776.26937272046
13700.0,18,0.0009365281033342106,80776.26937272046,80700.62012637041
13700.0,19,0.0007557962579385102,80700.62012637041,80639.62689966559
13700.0,20,0.0006100889437052752,80639.62689966559,80590.42955486958
13700.0,21,0.0004925671670424239,80590.42955486958,80550.733355293
13700.0,22,0.00039774542697730515,80550.733355293,80518.69466946127
13700.0,23,0.0003212174916906289,80518.69466946127,80492.83065632534
13700.0,24,0.00025943996031249194,80492.83065632534,80471.94759953443
13700.0,25,0.00020956066065101517,80471.94759953443,80455.0838450316
13700.0,26,0.00016928209832126168,80455.0838450316,80441.4642396177
13700.0,27,0.00013675247753397527,80441.4642396177,80430.46367008646
13700.0,28,0.0001104785194197099,80430.46367008646,80421.57783154395
13700.0,29,8.925558414431845e-05,80421.57783154395,80414.39975663679
13800.0,1,0.05668419022275472,101325.0,95581.47442567938
13800.0,2,0.03768304184456052,95581.47442567938,91979.67372533171
13800.0,3,0.027907906038476545,91979.67372533171,89412.71363355542
13800.0,4,0.021352962922504635,89412.71363355542,87503.48727453759
13800.0,5,0.016618995057183346,87503.48727453759,86049.26725203574
13800.0,6,0.013070876093414256,86049.26725203574,84924.5279418553
13800.0,7,0.010352473493518385,84924.5279418553,84045.34901738768
13800.0,8,0.008239867094630851,84045.34901738768,83352.82651156254
13800.0,9,0.006581902462300229,83352.82651156254,82804.2063375064
13800.0,10,0.005271604491580367,82804.2063375064,82367.69531145586
13800.0,11,0.004230731045569206,82367.69531145586,82019.2197457497
13800.0,12,0.0034006857198681604,82019.2197457497,81740.2981564056
13800.0,13,0.002736814690358428,81740.2981564056,81516.59010761687
13800.0,14,0.002204642556860297,81516.59010761687,81336.87516397548
13800.0,15,0.0017772870753171592,81336.87516397548,81192.31618699986
13800.0,16,0.001433626314189171,81192.31618699986,81075.91674600421
13800.0,17,0.001156965772387709,81075.91674600421,80982.11468536413
13800.0,18,0.0009340490529690564,80982.11468536413,80906.47341783483
13800.0,19,0.0007543113423658796,80906.47341783483,80845.44474726493
13800.0,20,0.0006093085708222489,80845.44474726493,80796.18492486849
13800.0,21,0.0004922762047807813,80796.18492486849,80756.41088559291
13800.0,22,0.00039778526797480456,80756.41088559291,80724.2871750481
13800.0,23,0.0003214722828526059,80724.2871750481,80698.33655416829
13800.0,24,0.0002598260458668148,80698.33655416829,80677.36902447339
13800.0,25,0.0002100185055694118,80677.36902447339,80660.4252839976
13800.0,26,0.00016977012552088394,80660.4252839976,80646.73155347256
13800.0,27,0.00013724238040420275,80646.73155347256,80635.66340406235
13800.0,28,0.00011095170995783455,80635.66340406235,80626.71673932408
13800.0,29,8.970051353611791e-05,80626.71673932408,80619.48448142783
13900.0,1,0.05641643846130526,101325.0,95608.60437290824
13900.0,2,0.03757916058359061,95608.60437290824,92015.71327600574
13900.0,3,0.027875923911309237,92015.71327600574,89450.69025407896
13900.0,4,0.021361356449423514,89450.69025407896,87539.9021749146
13900.0,5,0.016650716723861734,87539.9021749146,86082.30006176553
13900.0,6,0.01311556743351706,86082.30006176553,84953.2818504732
13900.0,7,0.010403538003231669,84953.2818504732,84069.46715424255
13900.0,8,0.008293040730299815,84069.46715424255,83372.27563895781
13900.0,9,0.0066344465145468596,83372.27563895781,82819.14673543509
13900.0,10,0.005321807206132983,82819.14673543509,82378.39920353267
13900.0,11,0.004277581697610911,82378.39920353267,82026.01887082115
13900.0,12,0.0034436534025156255,82026.01887082115,81743.54969184184
13900.0,13,0.0027756946068309787,81743.54969184184,81516.65456181897
13900.0,14,0.002239447738788415,81516.65456181897,81334.10227408691
13900.0,15,0.0018081716181476278,81334.10227408691,81187.03625876739
13900.0,16,0.0014608309475847626,81187.03625876739,81068.4357236579
13900.0,17,0.0011807794816611169,81068.4357236579,80972.71177814504
13900.0,18,0.0009547823316630191,80972.71177814504,80895.40046359242
13900.0,19,0.000772277903455582,80895.40046359242,80832.9267333232
13900.0,20,0.0006248132063696136,80832.9267333232,80782.42125319071
13900.0,21,0.0005056070952030346,80782.42125319071,80741.57708783742
13900.0,22,0.00040920948469779753,80741.57708783742,80708.53686868362
13900.0,23,0.00033123355332437395,80708.53686868362,80681.80349323299
13900.0,24,0.0002681440913137799,80681.80349323299,80660.16914434974
13900.0,25,0.00021708944259975219,80660.16914434974,80642.65867319019
13900.0,26,0.0001757675585439777,80642.65867319019,80628.48430996071
13900.0,27,0.0001423189138014213,80628.48430996071,80617.00935165226
13900.0,28,0.00011524068588699827,80617.00935165226,80607.71899220042
13900.0,29,9.331783862111355e-05,80607.71899220042,80600.19685408789
14000.0,1,0.055990267648376585,101325.0,95651.78613052824
14000.0,2,0.03734596089793219,95651.78613052824,92079.57826588016
14000.0,3,0.027735001687849682,92079.57826588016,89525.75100725949
14000.0,4,0.021277363161547068,89525.75100725949,87620.87909076779
14000.0,5,0.016603930724516446,87620.87909076779,86166.02808432345
14000.0,6,0.013093528465800197,86166.02808432345,85037.81074281642
14000.0,7,0.010397915793046563,85037.81074281642,84153.59474748759
14000.0,8,0.008298108386477723,84153.59474748759,83455.27909716121
14000.0,9,0.0066462173695853635,83455.27909716121,82900.61717164206
14000.0,10,0.0053374992200253,82900.61717164206,82458.13519214881
14000.0,11,0.0042952641996712735,82458.13519214881,82103.95571608632
14000.0,12,0.0034620043829905237,82103.95571608632,81819.71146153637
14000.0,13,0.002793829331174133,81819.71146153637,81591.12115178692
14000.0,14,0.002256795517917786,81591.12115178692,81406.98667526968
14000.0,15,0.001824386190143207,81406.98667526968,81258.46889299815
14000.0,16,0.0014757248886288102,81258.46889299815,81138.55374804088
14000.0,17,0.0011942760903007137,81138.55374804088,81041.65191329802
14000.0,18,0.0009668803674365756,81041.65191329802,80963.29433111842
14000.0,19,0.000783025852569871,80963.29433111842,80899.89797854793
14000.0,20,0.0006342906366002749,80899.89797854793,80848.58393075822
14000.0,21,0.0005139112927480761,80848.58393075822,80807.03493047351
14000.0,22,0.00041644602137808827,80807.03493047351,80773.38316227736
14000.0,23,0.00033750976837711015,80773.38316227736,80746.12135643522
14000.0,24,0.0002735647220405174,80746.12135643522,80724.0320661905
14000.0,25,0.00022175382641935647,80724.0320661905,80706.13120319582
14000.0,26,0.0001797679714504479,80706.13120319582,80691.62282570581
14000.0,27,0.00014573971870670023,80691.62282570581,80679.8628512932
14000.0,28,0.00011815804668206886,80679.8628512932,80670.32987629212
14000.0,29,9.579981880700852e-05,80670.32987629212,80662.60167330687
14100.0,1,0.05568950553115192,101325.0,95682.26085205603
14100.0,2,0.037211639598708886,95682.26085205603,92121.76704523967
14100.0,3,0.027675809744928424,92121.76704523967,89572.222547129
14100.0,4,0.02126178518801616,89572.222547129,87667.75719251877
14100.0,5,0.01661475054988364,87667.75719251877,86211.1792754973
14100.0,6,0.013120144118529593,86211.1792754973,85080.07617877438
14100.0,7,0.010433457468996984,85080.07617877438,84192.39682250412
14100.0,8,0.008338033102608396,84192.39682250412,83490.39783081014
14100.0,9,0.006687515686729099,83490.39783081014,82932.05448562534
14100.0,10,0.005378204804979936,82932.05448562534,82486.02891170389
14100.0,11,0.0043341321773149935,82486.02891170389,82128.52355961874
14100.0,12,0.003498292042396206,82128.52355961874,81841.21399919638
14100.0,13,0.002827142797412483,81841.21399919638,81609.83720050706
14100.0,14,0.0022869808580129416,81609.83720050706,81423.19706500394
14100.0,15,0.0018514514176040768,81423.19706500394,81272.44597137209
14100.0,16,0.0014997839437987683,81272.44597137209,81150.55486183097
14100.0,17,0.0012155086930564095,81150.55486183097,81051.91565695006
14100.0,18,0.000985503447105427,81051.91565695006,80972.03871467564
14100.0,19,0.0007992734669780757,80972.03871467564,80907.31991256388
14100.0,20,0.0006484001251091235,80907.31991256388,80854.85959621033
14100.0,21,0.000526113998368369,80854.85959621033,80812.32072274065
14100.0,22,0.000426961344055299,80812.32072274065,80777.81698566864
14100.0,23,0.00034654162577484743,80777.81698566864,80749.82410964389
14100.0,24,0.0002812997279575254,80749.82410964389,80727.10920608923
14100.0,25,0.00022836067249253645,80727.10920608923,80708.67430914255
14100.0,26,0.00018539763033069415,80708.67430914255,80693.7111121785
14100.0,27,0.00015052618702243137,80693.7111121785,80681.56459552809
14100.0,28,0.00012221942213597677,80681.56459552809,80671.7037413262
14100.0,29,9.923956284359873e-05,80671.7037413262,80663.69791671306
14200.0,1,0.05531187057115482,101325.0,95720.52471437774
14200.0,2,0.037013506005369234,95720.52471437774,92177.57249802502
14200.0,3,0.027562328466987907,92177.57249802502,89636.94396754487
14200.0,4,0.021199824035777692,89636.94396754487,87736.65652832805
14200.0,5,0.01658592033760774,87736.65652832805,86281.46333246115
14200.0,6,0.01311289260645677,86281.46333246115,85150.06376985465
14200.0,7,0.010440111728696173,85150.06376985465,84261.08759039176
14200.0,8,0.008353359119215016,84261.08759039176,83557.22446597359
14200.0,9,0.006707904980172601,83557.22446597359,82996.73054384888
14200.0,10,0.005401170427693609,82996.73054384888,82548.45105724019
14200.0,11,0.004357976776448676,82548.45105724019,82188.70682460093
14200.0,12,0.0035218801424033793,82188.70682460093,81899.24805010555
14200.0,13,0.0028497402575828816,81899.24805010555,81665.8564658714
14200.0,14,0.002308139645425216,81665.8564658714,81477.36026488492
14200.0,15,0.0018709259841598832,81477.36026488492,81324.92215444459
14200.0,16,0.0015174701814515018,81324.92215444459,81201.51401006636
14200.0,17,0.0012313992961680443,81201.51401006636,81101.52252286658
14200.0,18,0.0009996553363708647,81101.52252286658,81020.4489530888
14200.0,19,0.0008117841452007619,81020.4489530888,80954.67783719163
14200.0,20,0.0006593906723728861,80954.67783719163,80901.29707774083
14200.0,21,0.0005357170065466411,80901.29707774083,80857.9568770446
14200.0,22,0.00043531251961666023,80857.9568770446,80822.7583961054
14200.0,23,0.00035377410510254955,80822.7583961054,80794.1653970819
14200.0,24,0.0002875403849340671,80794.1653970819,80770.9338116632
14200.0,25,0.00023372787514231051,80770.9338116632,80752.05539293014
14200.0,26,0.0001900000376179252,80752.05539293014,80736.71249936776
14200.0,27,0.00015446227903513176,80736.71249936776,80724.2417227533
14200.0,28,0.00012557753469855302,80724.2417227533,80714.10457148735
14200.0,29,0.00010209825715491864,80714.10457148735,80705.86380208278
14200.0,30,8.301152658373335e-05,80705.86380208278,80699.16428512431
14300.0,1,0.05501820251385215,101325.0,95750.28063028393
14300.0,2,0.03688115489625908,95750.28063028393,92218.89969899815
14300.0,3,0.027503071483352817,92218.89969899815,89682.59670846046
14300.0,4,0.021183195523030225,89682.59670846046,87782.83272737208
14300.0,5,0.016595249789691294,87782.83272737208,86326.05469101465
14300.0,6,0.013137887167028463,86326.05469101465,85191.91272490937
14300.0,7,0.010474078282102457,85191.91272490937,84299.60596202663
14300.0,8,0.008391851349600896,84299.60596202663,83592.17619996337
14300.0,9,0.006747960246198792,83592.17619996337,83028.09951807278
14300.0,10,0.005440838020465798,83028.09951807278,82576.35707744783
14300.0,11,0.004396008351659069,82576.35707744783,82213.35072208579
14300.0,12,0.003557518387804211,82213.35072208579,81920.87521516897
14300.0,13,0.0028825708348268276,81920.87521516897,81684.73248951024
14300.0,14,0.002337985753875191,81684.73248951024,81493.75474864065
14300.0,15,0.0018977725827542039,81493.75474864065,81339.09813521299
14300.0,16,0.0015414093320359542,81339.09813521299,81213.72129028798
14300.0,17,0.0012525907923523311,81213.72129028798,81111.9937307871
14300.0,18,0.0010182985110918908,81111.9937307871,81029.39750833935
14300.0,19,0.0008280979023706268,81029.39750833935,80962.29723423233
14300.0,20,0.0006735995822315364,80962.29723423233,80907.76106463885
14300.0,21,0.0005480418667191306,80907.76106463885,80863.42022423292
14300.0,22,0.00044596419063448164,80863.42022423292,80827.35803448068
14300.0,23,0.00036294972874552855,80827.35803448068,80798.02176680685
14300.0,24,0.0002954213167528384,80798.02176680685,80774.15230882548
14300.0,25,0.00024047883047328394,80774.15230882548,80754.72783514578
14300.0,26,0.00019576907731278458,80754.72783514578,80738.91855658885
14300.0,27,0.00015938135748202052,80738.91855658885,80726.05027814767
14300.0,28,0.00012976340604050647,80726.05027814767,80715.57499090738
14300.0,29,0.00010565359104784264,80715.57499090738,80707.0471005561
14300.0,30,8.602612701022041e-05,80707.0471005561,80700.1041858716
14400.0,1,0.05441247037126939,101325.0,95811.65643963113
14400.0,2,0.03649514931895664,95811.65643963113,92314.99573137022
14400.0,3,0.02723020025332607,92314.99573137022,89801.23991122007
14400.0,4,0.020985172266037737,89801.23991122007,87916.74542197933
14400.0,5,0.01645006437989421,87916.74542197933,86470.509299717
14400.0,6,0.013031122577805481,86470.509299717,85343.70149366712
14400.0,7,0.010395681186595713,85343.70149366712,84456.49558165496
14400.0,8,0.008334564262508108,84456.49558165496,83752.58749184343
14400.0,9,0.006706435557769038,83752.58749184343,83190.90616103297
14400.0,10,0.005411086252118302,83190.90616103297,82740.75299240374
14400.0,11,0.004375031312981881,82740.75299240374,82378.75960720227
14400.0,12,0.0035430539889632355,82378.75960720227,82086.88721437013
14400.0,13,0.0028729098524876225,82086.88721437013,81851.05898733193
14400.0,14,0.002331837282973085,81851.05898733193,81660.19563633444
14400.0,15,0.0018941636607499833,81660.19563633444,81505.51786123036
14400.0,16,0.0015396092186895998,81505.51786123036,81380.03121455714
14400.0,17,0.001252053408833762,81380.03121455714,81278.13906906395
14400.0,18,0.0010186184602673763,81278.13906906395,81195.34765619203
14400.0,19,0.0008289767613471032,81195.34765619203,81128.03859985554
14400.0,20,0.0006748200279389823,81128.03859985554,81073.29177458095
14400.0,21,0.0005494478085760341,81073.29177458095,81028.74623208136
14400.0,22,0.0004474455276360704,81028.74623208136,80992.49028196986
14400.0,23,0.0003644306746240783,80992.49028196986,80962.97413409692
14400.0,24,0.00029685148108331657,80962.97413409692,80938.9401553123
14400.0,25,0.00024182642855474402,80938.9401553123,80919.36698048354
14400.0,26,0.0001970157830067635,80919.36698048354,80903.42458803747
14400.0,27,0.00016051842207303487,80903.42458803747,80890.43809798229
14400.0,28,0.00013078875042674972,80890.43809798229,80879.85853866198
14400.0,29,0.00010656964402620184,80879.85853866198,80871.23920092863
14400.0,30,8.683823342528206e-05,80871.23920092863,80864.2164853815
14500.0,1,0.05393134536734304,101325.0,95860.40643065397
14500.0,2,0.03620766388861942,95860.40643065397,92389.5250543864
14500.0,3,0.027038920402090775,92389.5250543864,89891.41204045387
14500.0,4,0.020855557857713952,89891.41204045387,88016.67649573258
14500.0,5,0.01636255985864649,88016.67649573258,86576.49835801203
14500.0,6,0.012973136494765527,86576.49835801203,85453.3296275747
14500.0,7,0.01035859897448068,85453.3296275747,84568.15285492854
14500.0,8,0.008312297821272475,84568.15285492854,83865.19718220348
14500.0,9,0.0066946048600202085,83865.19718220348,83303.75282556095
14500.0,10,0.00540651124698141,83303.75282556095,82853.3701489938
14500.0,11,0.004375395664728944,82853.3701489938,82490.8538724357
14500.0,12,0.0035466725868991927,82490.8538724357,82198.28582233643
14500.0,13,0.002878563128763049,82198.28582233643,81961.67286752073
14500.0,14,0.0023386506417247743,81961.67286752073,81769.99314867226
14500.0,15,0.0019015184712521313,81769.99314867226,81614.5059963059
14500.0,16,0.0015470764851676444,81614.5059963059,81488.24211323044
14500.0,17,0.0012593440522837862,81488.24211323044,81385.62038019409
14500.0,18,0.0010255459425977083,81385.62038019409,81302.15568742738
14500.0,19,0.0008354289715069072,81302.15568742738,81234.23351112014
14500.0,20,0.000680738165340771,81234.23351112014,81178.93426803692
14500.0,21,0.0005548105747312246,81178.93426803692,81133.8953368596
14500.0,22,0.0004522573527237166,81133.8953368596,81097.20193613839
14500.0,23,0.000368713011921099,81097.20193613839,81067.30034255414
14500.0,24,0.00030063643074642807,81067.30034255414,81042.9285587289
14500.0,25,0.0002451521252779604,81042.9285587289,81023.06071255398
14500.0,26,0.00019992311372940604,81023.06071255398,81006.86232997244
14500.0,27,0.00016304874104816074,81006.86232997244,80993.65426305328
14500.0,28,0.0001329823367619913,80993.65426305328,80982.88353764648
14500.0,29,0.00010846470691037438,80982.88353764648,80974.09975291882
14500.0,30,8.847031672762789e-05,80974.09975291882,80966.93594866694
14600.0,1,0.053377238287084315,101325.0,95916.55133056118
14600.0,2,0.035859301914934465,95916.55133056118,92477.05075775928
14600.0,3,0.02679554313104761,92477.05075775928,89999.07795554766
14600.0,4,0.02068114133290426,89999.07795554766,88137.79430451791
14600.0,5,0.01623648731545324,88137.79430451791,86706.74612528058
14600.0,6,0.012881962667949099,86706.74612528058,85589.79305863538
14600.0,7,0.010292989086969484,85589.79305863538,84708.81825272687
14600.0,8,0.008265543312831783,84708.81825272687,84008.65384648016
14600.0,9,0.006661786034426536,84008.65384648016,83449.0061695147
14600.0,10,0.005383976781738353,83449.0061695147,82999.7186578389
14600.0,11,0.004360417233870501,82999.7186578389,82637.80525419685
14600.0,12,0.0035372050884898373,82637.80525419685,82345.49838895007
14600.0,13,0.002873072866787322,82345.49838895007,82108.9137718267
14600.0,14,0.002335989417899662,82108.9137718267,81917.10821814048
14600.0,15,0.001900829852723368,81917.10821814048,81761.39773339067
14600.0,16,0.0015477252532813974,81761.39773339067,81634.85355337511
14600.0,17,0.0012608627007160934,81634.85355337511,81531.92321145124
14600.0,18,0.0010275939086663009,81531.92321145124,81448.1415037973
14600.0,19,0.000837761484797726,81448.1415037973,81379.90738783707
14600.0,20,0.0006831824187486648,81379.90738783707,81324.3100658703
14600.0,21,0.000557247502025676,81324.3100658703,81278.99229723214
14600.0,22,0.0004546077140440257,81278.99229723214,81242.04224034409
14600.0,23,0.00037092679618352356,81242.04224034409,81211.90738990047
14600.0,24,0.000302684813728794,81211.90738990047,81187.3257788396
14600.0,25,0.0002470213959508944,81187.3257788396,81167.27077229219
14600.0,26,0.00020161011448174547,81167.27077229219,81150.90662953962
14600.0,27,0.00016455746970360976,81150.90662953962,81137.55264168051
14600.0,28,0.0001343214373837356,81137.55264168051,81126.65412898388
14600.0,29,0.00010964563800717163,81126.65412898388,81117.75894523252
14600.0,30,8.95060330945853e-05,81117.75894523252,81110.49841641581
14700.0,1,0.05294568788451547,101325.0,95960.27817510147
14700.0,2,0.03560801475002698,95960.27817510147,92543.32317442576
14700.0,3,0.02663270967987892,92543.32317442576,90078.64371551007
14700.0,4,0.020574386471526186,90078.64371551007,88225.33088687625
14700.0,5,0.016167580097149525,88225.33088687625,86798.94078316516
14700.0,6,0.012839230700159018,86798.94078316516,85684.50915792066
14700.0,7,0.010268494801350328,85684.50915792066,84804.6582210763
14700.0,8,0.008253714465699145,84804.6582210763,84104.70478675833
14700.0,9,0.006658644154735216,84104.70478675833,83544.68148584425
14700.0,10,0.005386659023223464,83544.68148584425,83094.6547734762
14700.0,11,0.004366860559781604,83094.6547734762,82731.79200281724
14700.0,12,0.0035459283764528405,82731.79200281724,82438.43099391965
14700.0,13,0.002883021972872563,82438.43099391965,82200.75918595504
14700.0,14,0.0023464246950920453,82200.75918595504,82007.8812946458
14700.0,15,0.0019112433332226012,82007.8812946458,81851.1442782497
14700.0,16,0.0015577791126539149,81851.1442782497,81723.63827534622
14700.0,17,0.0012703432900018593,81723.63827534622,81619.8211998286
14700.0,18,0.0010363773360217113,81619.8211998286,81535.23226696695
14700.0,19,0.0008457878500110293,81535.23226696695,81466.27075816772
14700.0,20,0.0006904365730435627,81466.27075816772,81410.02346536682
14700.0,21,0.0005637447473269112,81410.02346536682,81364.12899225845
14700.0,22,0.0004603832475210326,81364.12899225845,81326.67031032128
14700.0,23,0.00037602799350635105,81326.67031032128,81296.08920566594
14700.0,24,0.00030716565963612283,81296.08920566594,81271.11783879924
14700.0,25,0.0002509385332375861,81271.11783879924,81250.7237836942
14700.0,26,0.00020502010627514015,81250.7237836942,81234.06575166913
14700.0,27,0.00016751496476597114,81234.06575166913,81220.45783000694
14700.0,28,0.00013687800154209908,81220.45783000694,81209.34053605483
14700.0,29,0.00011184907095297192,81209.34053605483,81200.25734676317
14700.0,30,9.140003353689582e-05,81200.25734676317,81192.83564051847
14800.0,1,0.05255714136840726,101325.0,95999.64765084613
14800.0,2,0.03538968702844645,95999.64765084613,92602.25016564156
14800.0,3,0.02649668648725969,92602.25016564156,90148.59737498776
14800.0,4,0.020489823019684057,90148.59737498776,88301.4685693015
14800.0,5,0.01611720748462806,88301.4685693015,86878.29547917271
14800.0,6,0.012812064873839145,86878.29547917271,85765.20512136498
14800.0,7,0.01025712205522148,85765.20512136498,84885.50094434404
14800.0,8,0.00825297532729753,84885.50094434404,84184.94299940507
14800.0,9,0.006664892490248536,84184.94299940507,83623.85940501634
14800.0,10,0.005397303452404674,83623.85940501634,83172.51605994624
14800.0,11,0.004380062059530516,83172.51605994624,82808.21527795638
14800.0,12,0.0035603920707661914,82808.21527795638,82513.38556488644
14800.0,13,0.0028978494477136297,82513.38556488644,82274.27419609825
14800.0,14,0.0023610070936175933,82274.27419609825,82080.02405109903
14800.0,15,0.0019251829153812225,82080.02405109903,81922.00499110177
14800.0,16,0.0015708312094854064,81922.00499110177,81793.31934891813
14800.0,17,0.0012823731536074044,81793.31934891813,81688.42979204064
14800.0,18,0.001047328019123858,81688.42979204064,81602.8752106812
14800.0,19,0.0008556563301993336,81602.8752106812,81533.05119394472
14800.0,20,0.0006992560772884635,81533.05119394472,81476.03871239748
14800.0,21,0.0005715717546529775,81476.03871239748,81429.46930998846
14800.0,22,0.00046728802449273364,81429.46930998846,81391.4182941391
14800.0,23,0.0003820877945393328,81391.4182941391,81360.31962662867
14800.0,24,0.00031245993123286373,81360.31962662867,81334.89778675305
14800.0,25,0.00025554561751962976,81334.89778675305,81314.11301007224
14800.0,26,0.00020901505840335724,81314.11301007224,81297.11713599242
14800.0,27,0.00017096819015449663,81297.11713599242,81283.2179150109
14800.0,28,0.000139854488928267,81283.2179150109,81271.85009211095
14800.0,29,0.00011440805155630085,81271.85009211095,81262.55193809554
14800.0,30,9.359493832013926e-05,81262.55193809554,81254.94617455915
14900.0,1,0.05209669970658183,101325.0,96046.3019022306
14900.0,2,0.03511145723137196,96046.3019022306,92673.97628075899
14900.0,3,0.026309414265603834,92673.97628075899,90235.77824714775
14900.0,4,0.020361183539222238,90235.77824714775,88398.47100445302
14900.0,5,0.016028879705747113,88398.47100445302,86981.54254655067
14900.0,6,0.012752222202797427,86981.54254655067,85872.33458845498
14900.0,7,0.01021764255062914,85872.33458845498,84994.92176864212
14900.0,8,0.008228090881846659,84994.92176864212,84295.57582783428
14900.0,9,0.00665042848739977,84295.57582783428,83734.97412898709
14900.0,10,0.005390207515736274,83734.97412898709,83283.62524210704
14900.0,11,0.0043780924101250495,83283.62524210704,82919.00183454687
14900.0,12,0.0035619019964932743,82919.00183454687,82623.65247636517
14900.0,13,0.002901633503604585,82623.65247636517,82383.90891814957
14900.0,14,0.00236618891860712,82383.90891814957,82188.9730257959
14900.0,15,0.0019311321469700706,82188.9730257959,82030.25525785933
14900.0,16,0.0015771013085334126,82030.25525785933,81900.88523495283
14900.0,17,0.0012886545654427432,81900.88523495283,81795.34328528101
14900.0,18,0.001053412753607498,81795.34328528101,81709.17902747859
14900.0,19,0.0008614111367420966,81709.17902747859,81638.79383069027
14900.0,20,0.000704602138581894,81638.79383069027,81581.27096196591
14900.0,21,0.0005764693488112677,81581.27096196591,81534.24185981927
14900.0,22,0.0004717249847988875,81534.24185981927,81495.78012081736
14900.0,23,0.00038607087496980215,81495.78012081736,81464.31697367977
14900.0,24,0.0003160083943148647,81464.31697367977,81438.57356567896
14900.0,25,0.0002586865187326467,81438.57356567896,81417.5065045927
14900.0,26,0.00021177982178217068,81417.5065045927,81400.26391957521
14900.0,27,0.00017339016227421335,81400.26391957521,81386.14991460503
14900.0,28,0.00014196722999480757,81386.14991460503,81374.59574834172
14900.0,29,0.00011624417785365804,81374.59574834172,81365.13642536078
14900.0,30,9.518537332287433e-05,81365.13642536078,81357.39165447466
15000.0,1,0.05171694486238195,101325.0,96084.78056181915
15000.0,2,0.0348967751794754,96084.78056181915,92731.73157638412
15000.0,3,0.02617474385848374,92731.73157638412,90304.5022548186
15000.0,4,0.020276687902858127,90304.5022548186,88473.42604637469
15000.0,5,0.01597784299748318,88473.42604637469,87059.81153555628
15000.0,6,0.01272399723096826,87059.81153555628,85952.06273464924
15000.0,7,0.010205028305773243,85952.06273464924,85074.91950150255
15000.0,8,0.008226062668566207,85074.91950150255,84375.08788215996
15000.0,9,0.006655423836304421,84375.08788215996,83813.53591107875
15000.0,10,0.005399684500651223,83813.53591107875,83360.96926027493
15000.0,11,0.0043902384612677925,83360.96926027493,82994.9947268599
15000.0,12,0.003575433348529003,82994.9947268599,82698.2516549525
15000.0,13,0.0029156528261065733,82698.2516549525,82457.13226380067
15000.0,14,0.0023800821228034787,82457.13226380067,82260.87751740195
15000.0,15,0.0019444925317113678,82260.87751740195,82100.92185541734
15000.0,16,0.0015896733001919728,82100.92185541734,81970.40821202264
15000.0,17,0.0013002917793818436,81970.40821202264,81863.82276407197
15000.0,18,0.0010640466732869246,81863.82276407197,81776.71583579731
15000.0,19,0.000871027742943531,81776.71583579731,81705.48604757752
15000.0,20,0.0007132245302342311,81705.48604757752,81647.21169067368
15000.0,21,0.0005841448961847392,81647.21169067368,81599.51788867686
15000.0,22,0.0004785159159355523,81599.51788867686,81560.47122063446
15000.0,23,0.0003920474609526312,81560.47122063446,81528.4956449783
15000.0,24,0.0003212440967695839,81528.4956449783,81502.30509703385
15000.0,25,0.0002632546124356706,81502.30509703385,81480.84923929292
15000.0,26,0.00021575111904284137,81480.84923929292,81463.26965488898
15000.0,27,0.00017683155345137532,81463.26965488898,81448.86437836668
15000.0,28,0.00014494082172017035,81448.86437836668,81437.0591130355
15000.0,29,0.00011880686272288033,81437.0591130355,81427.3838315329
15000.0,30,9.738870502910958e-05,81427.3838315329,81419.45372406764
15100.0,1,0.05103854530229108,101325.0,96153.51939724536
15100.0,2,0.034438594019233215,96153.51939724536,92842.12737920316
15100.0,3,0.02583416540484883,92842.12737920316,90443.62850395078
15100.0,4,0.02001651578482397,90443.62850395078,88633.2621863647
15100.0,5,0.01577639121883285,88633.2621863647,87234.94916711122
15100.0,6,0.012566804933926966,87234.94916711122,86138.6845775071
15100.0,7,0.010081797192369743,86138.6845775071,85270.25182917916
15100.0,8,0.008129178738733384,85270.25182917916,84577.07471096296
15100.0,9,0.0065791255269334985,84577.07471096296,84020.6315197387
15100.0,10,0.005339545472858261,84020.6315197387,83571.99953708079
15100.0,11,0.004342823233391775,83571.99953708079,83209.06111583015
15100.0,12,0.003538056648277993,83209.06111583015,82914.66274395231
15100.0,13,0.002886205468042162,82914.66274395231,82675.35399095985
15100.0,14,0.0023569017856024705,82675.35399095985,82480.49630151324
15100.0,15,0.0019262660516819357,82480.49630151324,82321.61692156176
15100.0,16,0.0015753617662884979,82321.61692156176,82191.93059372448
15100.0,17,0.0012890725145023433,82191.93059372448,82085.97923508222
15100.0,18,0.001055267948493434,82085.97923508222,81999.35653217474
15100.0,19,0.0008641732272693302,81999.35653217474,81928.49488360633
15100.0,20,0.0007078852643641699,81928.49488360633,81870.49890934669
15100.0,21,0.000579997128688574,81870.49890934669,81823.01425505496
15100.0,22,0.0004753035364909376,81823.01425505496,81784.12348701319
15100.0,23,0.00038956805538335504,81784.12348701319,81752.26300506512
15100.0,24,0.0003193378658777065,81752.26300506512,81726.15641186641
15100.0,25,0.0002617955612925332,81726.15641186641,81704.76086687628
15100.0,26,0.00021464004984272624,81704.76086687628,81687.22375293143
15100.0,27,0.000175990492869002,81687.22375293143,81672.84757816205
15100.0,28,0.00014430859030708568,81672.84757816205,81661.06148466168
15100.0,29,0.00011833555391521106,81661.06148466168,81651.39807771759
15100.0,30,9.704088876721693e-05,81651.39807771759,81643.47455347904
15200.0,1,0.04972771373974874,101325.0,96286.33940531996
15200.0,2,0.03346710682120091,96286.33940531996,93063.91419901971
15200.0,3,0.025060582050552126,93063.91419901971,90731.67834128963
15200.0,4,0.019387521543230684,90731.67834128963,88972.6159727944
15200.0,5,0.01525951969762774,88972.6159727944,87614.93658680808
15200.0,6,0.012139391353115528,87614.93658680808,86551.34458320242
15200.0,7,0.00972692502623319,86551.34458320242,85709.46614352193
15200.0,8,0.007833730935017325,85709.46614352193,85038.0412471696
15200.0,9,0.006332686819761667,85038.0412471696,84499.5219641853
15200.0,10,0.005133715348409844,84499.5219641853,84065.72547134447
15200.0,11,0.004170752795721997,84065.72547134447,83715.10811181046
15200.0,12,0.0033941191801772456,83715.10811181046,83430.96905769756
15200.0,13,0.0027657526261400498,83430.96905769756,83200.21963592482
15200.0,14,0.0022560777561845256,83200.21963592482,83012.51347109454
15200.0,15,0.00184186269030788,83012.51347109454,82859.61581970345
15200.0,16,0.0015047037441573777,82859.61581970345,82734.9366455401
15200.0,17,0.0012299250542774233,82734.9366455401,82633.1788740957
15200.0,18,0.0010057619487417982,82633.1788740957,82550.06956708056
15200.0,19,0.00082274401379791,82550.06956708056,82482.15199150564
15200.0,20,0.000673222175202525,82482.15199150564,82426.62317772653
15200.0,21,0.0005510018129973924,82426.62317772653,82381.20595891635
15200.0,22,0.0004510553282522839,82381.20595891635,82344.04747702074
15200.0,23,0.0003692951350759246,82344.04747702074,82313.63822088501
15200.0,24,0.0003023931862951888,82313.63822088501,82288.74713754785
15200.0,25,0.00024763671432536576,82288.74713754785,82268.36942258076
15200.0,26,0.00020281240601311066,82268.36942258076,82251.68437663939
15200.0,27,0.0001661130674058838,82251.68437663939,82238.02129704828
15200.0,28,0.0001360621862396373,82238.02129704828,82226.83181207858
15200.0,29,0.00011145281049345401,82226.83181207858,82217.66740057516
15200.0,30,9.129792650849448e-05,82217.66740057516,82210.16109801912
15300.0,1,0.04828355061864365,101325.0,96432.66923356593
15300.0,2,0.03238723955396077,96432.66923356593,93309.48127427057
15300.0,3,0.024195432117911683,93309.48127427057,91051.8180541414
15300.0,4,0.018680410419764763,91051.8180541414,89350.9327234243
15300.0,5,0.0146757431681551,89350.9327234243,88039.64138294022
15300.0,6,0.011654585690031442,88039.64138294022,87013.5758383231
15300.0,7,0.009322802773245265,87013.5758383231,86202.3654321876
15300.0,8,0.0074960326637201246,86202.3654321876,85556.18968521798
15300.0,9,0.006050027980518347,85556.18968521798,85038.57234371587
15300.0,10,0.004896864374875087,85038.57234371587,84622.1499883157
15300.0,11,0.003972143967861042,84622.1499883157,84286.01862569217
15300.0,12,0.0032275054552305224,84286.01862569217,84013.98504077809
15300.0,13,0.002625948016602122,84013.98504077809,83793.36868339342
15300.0,14,0.0021387602790317955,83793.36868339342,83614.15475480711
15300.0,15,0.0017434201504479187,83614.15475480711,83468.38015254491
15300.0,16,0.0014221109084279673,83468.38015254491,83349.67885862116
15300.0,17,0.0011606444988218633,83349.67885862116,83252.93951237533
15300.0,18,0.0009476631774418445,83252.93951237533,83174.04376718566
15300.0,19,0.0007740369436917585,83174.04376718566,83109.66398455363
15300.0,20,0.0006324020907895994,83109.66398455363,83057.10525928497
15300.0,21,0.0005168035881004262,83057.10525928497,83014.18104926974
15300.0,22,0.00042241521065134195,83014.18104926974,82979.11459649476
15300.0,23,0.00034531875175476863,82979.11459649476,82950.46035222059
15300.0,24,0.0002823286979153523,82950.46035222059,82927.04105675787
15300.0,25,0.00023085225345965916,82927.04105675787,82907.89716245717
15300.0,26,0.00018877709355535815,82907.89716245717,82892.24605059806
15300.0,27,0.00015438102682516008,82892.24605059806,82879.44906053692
15300.0,28,0.00012625907551369402,82879.44906053692,82868.98477791945
15300.0,29,0.00010326447219802124,82868.98477791945,82860.42735594478
15300.0,30,8.446082223684598e-05,82860.42735594478,82853.4288961194
