rpm,iteration,pressure_residual,p_start_pa,p_end_pa
2400.0,1,0.0006896956340635465,101325.0,101255.11658987851
2400.0,2,4.4043112498570053e-08,101255.11658987851,101255.11213028802
2500.0,1,0.00137279915598076,101325.0,101185.90112552025
2500.0,2,6.18806518354646e-07,101185.90112552025,101185.83851102507
2600.0,1,0.002577703281816372,101325.0,101063.81421496996
2600.0,2,5.725408467530021e-06,101063.81421496996,101063.23558335229
2700.0,1,0.004000000445338039,101325.0,100919.69995487612
2700.0,2,2.459058924065212e-05,100919.69995487612,100917.21827998824
2800.0,1,0.005375127573918533,101325.0,100780.3651985727
2800.0,2,6.343212996726134e-05,100780.3651985727,100773.97248534928
2900.0,1,0.00678850478818643,101325.0,100637.15475233701
2900.0,2,0.00013080675710330626,100637.15475233701,100623.99073247975
2900.0,3,3.2683138569680456e-06,100623.99073247975,100623.6618616965
3000.0,1,0.008309281782916435,101325.0,100483.06202334599
3000.0,2,0.0002390286441493384,100483.06202334599,100459.04369327058
3000.0,3,8.892513143413997e-06,100459.04369327058,100458.15035990416
3100.0,1,0.009444995736205934,101325.0,100367.98580702893
3100.0,2,0.00035516072795283406,100367.98580702893,100332.33904012655
3100.0,3,1.7239882672009372e-05,100332.33904012655,100330.60932237329
3200.0,1,0.01061071447974921,101325.0,100249.86935533941
3200.0,2,0.000504374646387084,100249.86935533941,100199.30586293296
3200.0,3,3.089291819041785e-05,100199.30586293296,100196.2104139742
3300.0,1,0.011800113336292911,101325.0,100129.35351620012
3300.0,2,0.0006895476612511951,100129.35351620012,100060.30955466043
3300.0,3,5.1824465669587286e-05,100060.30955466043,100055.12398258303
3400.0,1,0.013136901796264248,101325.0,99993.90342549352
3400.0,2,0.0009321888662295882,99993.90342549352,99900.69022202944
3400.0,3,8.48977089223544e-05,99900.69022202944,99892.20888230983
3500.0,1,0.01422729636704139,101325.0,99883.41919560953
3500.0,2,0.0011752293362707832,99883.41919560953,99766.03327116382
3500.0,3,0.0001243628099678193,99766.03327116382,99753.62608692687
3500.0,4,1.3357743300390934e-05,99753.62608692687,99752.29360359632
3600.0,1,0.015186041859392185,101325.0,99786.27430859709
3600.0,2,0.0014259194146153684,99786.27430859709,99643.98712274832
3600.0,3,0.00017121136518368673,99643.98712274832,99626.92693968069
3600.0,4,2.0905790999943162e-05,99626.92693968069,99624.84415996812
3700.0,1,0.015870328971865733,101325.0,99716.9389169257
3700.0,2,0.0016472890429979543,99716.9389169257,99552.67629604656
3700.0,3,0.000218314586825022,99552.67629604656,99530.94249465366
3700.0,4,2.947121096711089e-05,99530.94249465366,99528.00919724964
3800.0,1,0.017090280418540993,101325.0,99593.32733659133
3800.0,2,0.0020075767579528594,99593.32733659133,99393.3860873832
3800.0,3,0.00030039759410126866,99393.3860873832,99363.52855333297
3800.0,4,4.5883481716682915e-05,99363.52855333297,99358.96940868729
3900.0,1,0.01803232826505627,101325.0,99497.87433854317
3900.0,2,0.0023369773183579945,99497.87433854317,99265.35006298916
3900.0,3,0.0003849938380147847,99265.35006298916,99227.13351488653
3900.0,4,6.486181694964196e-05,99227.13351488653,99220.69746271605
4000.0,1,0.01868707300093491,101325.0,99431.53232818027
4000.0,2,0.0026169947390720866,99431.53232818027,99171.32053117955
4000.0,3,0.00046505072163290106,99171.32053117955,99125.20083700123
4000.0,4,8.46455623301173e-05,99125.20083700123,99116.8103286353
4100.0,1,0.01891811002343457,101325.0,99408.12250187549
4100.0,2,0.002796158827937377,99408.12250187549,99130.1616025732
4100.0,3,0.0005238082778470542,99130.1616025732,99078.23640334145
4100.0,4,0.00010061981343438426,99078.23640334145,99068.26716967914
4100.0,5,1.941675789425702e-05,99068.26716967914,99066.3435851205
4200.0,1,0.0192753567769385,101325.0,99371.9244745767
4200.0,2,0.00301612050894485,99371.9244745767,99072.20677515562
4200.0,3,0.0005973181224821771,99072.20677515562,99013.02915061451
4200.0,4,0.00012144963238668189,99013.02915061451,99001.00405462268
4200.0,5,2.4818711417425863e-05,99001.00405462268,98998.54697727301
4300.0,1,0.01976068363459427,101325.0,99322.74873072474
4300.0,2,0.0032820080213899665,99322.74873072474,98996.770672684
4300.0,3,0.0006887463531620222,98996.770672684,98928.58700790837
4300.0,4,0.0001485866119187246,98928.58700790837,98913.88754434296
4300.0,5,3.223530490446519e-05,98913.88754434296,98910.69902501868
4400.0,1,0.01996156974698093,101325.0,99302.39394538716
4400.0,2,0.003469327783528958,99302.39394538716,98957.88139110149
4400.0,3,0.0007609023162242292,98957.88139110149,98882.58410994236
4400.0,4,0.00017173646372634603,98882.58410994236,98865.60236462319
4400.0,5,3.8996593151979753e-05,98865.60236462319,98861.74694295105
4500.0,1,0.020698104890897327,101325.0,99227.76452192983
4500.0,2,0.003834228280926738,99227.76452192983,98847.3026209467
4500.0,3,0.0008943327421090915,98847.3026209467,98758.90024174363
4500.0,4,0.0002149761266559882,98758.90024174363,98737.66943589685
4500.0,5,5.2024462623828143e-05,98737.66943589685,98732.53266170372
4600.0,1,0.021696002852340295,101325.0,99126.65251098662
4600.0,2,0.004306410729502714,99126.65251098662,98699.77243103362
4600.0,3,0.0010733536755055425,98699.77243103362,98593.83266752321
4600.0,4,0.0002761281778532645,98593.83266752321,98566.60813216116
4600.0,5,7.157336861781143e-05,98566.60813216116,98559.5533879839
4700.0,1,0.022956796719436234,101325.0,98998.90257240312
4700.0,2,0.004899635191600717,98998.90257240312,98513.84406542953
4700.0,3,0.0013088791533596403,98513.84406542953,98384.90134861496
4700.0,4,0.0003614708779129125,98384.90134861496,98349.3380719511
4700.0,5,0.00010067310339385874,98349.3380719511,98339.43693887067
4700.0,6,2.810302093355454e-05,98339.43693887067,98336.67330361578
4800.0,1,0.02379509298376181,101325.0,98913.96220342033
4800.0,2,0.0053650462324228146,98913.96220342033,98383.28422316686
4800.0,3,0.001510162560419643,98383.28422316686,98234.70947076191
4800.0,4,0.0004399910445531593,98234.70947076191,98191.4870783305
4800.0,5,0.0001293754074712617,98191.4870783305,98178.78351467953
4800.0,6,3.8142068141804606e-05,98178.78351467953,98175.03877282863
4900.0,1,0.025100246135867758,101325.0,98781.7175602832
4900.0,2,0.006034650201326873,98781.7175602832,98185.60444852062
4900.0,3,0.0018050938886788913,98185.60444852062,98008.37021397435
4900.0,4,0.0005596455206918182,98008.37021397435,97953.5202685938
4900.0,5,0.00017526967668006957,97953.5202685938,97936.35198676665
4900.0,6,5.505985328262798e-05,97936.35198676665,97930.95962559522
5000.0,1,0.026323065458822167,101325.0,98657.81539238484
5000.0,2,0.006702960743281326,98657.81539238484,97996.51592879179
5000.0,3,0.002116531295186471,97996.51592879179,97789.10323600926
5000.0,4,0.0006935283484373536,97789.10323600926,97721.28372074683
5000.0,5,0.0002297488338352325,97721.28372074683,97698.8323697711
5000.0,6,7.637786417984691e-05,97698.8323697711,97691.37034162183
5100.0,1,0.027537761377711686,101325.0,98534.73632840336
5100.0,2,0.00739658254409065,98534.73632840336,97805.91601769012
5100.0,3,0.0024553284982318097,97805.91601769012,97565.77036479622
5100.0,4,0.0008466941483095063,97565.77036479622,97483.16199795304
5100.0,5,0.00029542532447225905,97483.16199795304,97454.36300318921
5100.0,6,0.00010348769202489512,97454.36300318921,97444.27767608425
5100.0,7,3.6301539145837774e-05,97444.27767608425,97440.74029882366
5200.0,1,0.02858307885966949,101325.0,98428.81953454399
5200.0,2,0.008041343718342949,98428.81953454399,97637.31956487597
5200.0,3,0.0027873385423482317,97637.31956487597,97365.17130088122
5200.0,4,0.0010045431079663252,97365.17130088122,97267.36378909496
5200.0,5,0.00036657970074723266,97267.36378909496,97231.70754798468
5200.0,6,0.00013436052964874162,97231.70754798468,97218.64344425988
5200.0,7,4.932455953067091e-05,97218.64344425988,97213.84817749383
5300.0,1,0.029292201076071195,101325.0,98356.96772596709
5300.0,2,0.008551576302581541,98356.96772596709,97515.86061156793
5300.0,3,0.003068236274882214,97515.86061156793,97216.65891066316
5300.0,4,0.0011453689956516541,97216.65891066316,97105.30996368604
5300.0,5,0.0004331952424338322,97105.30996368604,97063.24440539471
5300.0,6,0.00016462018505619628,97063.24440539471,97047.26583613854
5300.0,7,6.266916298009207e-05,97047.26583613854,97041.18396521908
5400.0,1,0.02991027041368371,101325.0,98294.3418503335
5400.0,2,0.009030071876711551,98294.3418503335,97406.73687835093
5400.0,3,0.0033425607876284304,97406.73687835093,97081.14893921051
5400.0,4,0.0012880668675710198,97081.14893921051,96956.10192779619
5400.0,5,0.0005031745040316789,96956.10192779619,96907.31608929583
5400.0,6,0.0001975652875345087,96907.31608929583,96888.17056752845
5400.0,7,7.772424934419854e-05,96888.17056752845,96880.64000720075
5500.0,1,0.030651582283456706,101325.0,98219.22842512875
5500.0,2,0.009577064421175261,98219.22842512875,97278.57654710316
5500.0,3,0.003659348583778122,97278.57654710316,96922.60032578357
5500.0,4,0.001456421646842095,96922.60032578357,96781.44015260087
5500.0,5,0.0005879426320790343,96781.44015260087,96724.53821794115
5500.0,6,0.0002386460979212764,96724.53821794115,96701.4552843222
5500.0,7,9.707747231632182e-05,96701.4552843222,96692.06775147389
5600.0,1,0.03137940201988244,101325.0,98145.48209033541
5600.0,2,0.010128527089674256,98145.48209033541,97151.41291625431
5600.0,3,0.003987704225155197,97151.41291625431,96764.00181648837
5600.0,4,0.0016361473121042712,96764.00181648837,96605.68165500787
5600.0,5,0.0006812649764602276,96605.68165500787,96539.86758756924
5600.0,6,0.0002853239811383606,96539.86758756924,96512.32244821059
5600.0,7,0.00011978372284314235,96512.32244821059,96500.7618429275
5600.0,8,5.033720786909441e-05,96500.7618429275,96495.90426401909
5700.0,1,0.032160213160471296,101325.0,98066.36640151525
5700.0,2,0.010717263344478761,98066.36640151525,97015.36332755406
5700.0,3,0.00434479193291462,97015.36332755406,96593.85175959973
5700.0,4,0.0018363814594688265,96593.85175959973,96416.46860112972
5700.0,5,0.0007880853887682933,96416.46860112972,96340.48419098853
5700.0,6,0.00034030675812291006,96340.48419098853,96307.6988731375
5700.0,7,0.00014733367001411475,96307.6988731375,96293.50950641191
5700.0,8,6.385864966570597e-05,96293.50950641191,96287.36033292326
5800.0,1,0.03319576142680028,101325.0,97961.43947342946
5800.0,2,0.011449420797187406,97961.43947342946,96839.83773099996
5800.0,3,0.00478927396357548,96839.83773099996,96376.04521751801
5800.0,4,0.0020894498454831646,96376.04521751801,96174.67230472999
5800.0,5,0.000926064764402109,96174.67230472999,96085.60832948066
5800.0,6,0.000413152562906247,96085.60832948066,96045.91031414093
5800.0,7,0.00018485174572921924,96045.91031414093,96028.15605994921
5800.0,8,8.281082901984615e-05,96028.15605994921,96020.20388873664
5900.0,1,0.03421495041950519,101325.0,97858.17014874364
5900.0,2,0.012189290363537721,97858.17014874364,96665.34849835612
5900.0,3,0.005250629260094793,96665.34849835612,96157.79459109339
5900.0,4,0.0023596818709311815,96157.79459109339,95930.89278644806
5900.0,5,0.0010778386412954553,95930.89278644806,95827.49476330886
5900.0,6,0.0004957688579043669,95827.49476330886,95779.98647567422
5900.0,7,0.00022874840209904162,95779.98647567422,95758.07695681484
5900.0,8,0.00010569478024512173,95758.07695681484,95747.9558279142
5900.0,9,4.886887100886567e-05,95747.9558279142,95743.27673341148
6000.0,1,0.03508377445663378,101325.0,97770.13655318158
6000.0,2,0.01286272334784789,97770.13655318158,96512.5463350167
6000.0,3,0.005686296909089532,96512.5463350167,95963.74734110353
6000.0,4,0.0026232302573611014,95963.74734110353,95712.0123354686
6000.0,5,0.0012305077394687803,95712.0123354686,95594.23796352967
6000.0,6,0.0005814424901183021,95594.23796352967,95538.65541176719
6000.0,7,0.0002756667887585586,95538.65541176719,95512.31857742752
6000.0,8,0.00013090085337303569,95512.31857742752,95499.8159334181
6000.0,9,6.220444984890515e-05,95499.8159334181,95493.87541990729
6100.0,1,0.035938992237589285,101325.0,97683.48161152627
6100.0,2,0.013539936647722675,97683.48161152627,96360.85345897722
6100.0,3,0.006134156011407784,96360.85345897722,95769.76095046745
6100.0,4,0.0029005429188052488,95769.76095046745,95491.9766485069
6100.0,5,0.0013951203322692153,95491.9766485069,95358.75385031599
6100.0,6,0.0006761774857147347,95358.75385031599,95294.27440789659
6100.0,7,0.00032890109533668965,95294.27440789659,95262.93201666452
6100.0,8,0.00016025622064464392,95262.93201666452,95247.665539212
6100.0,9,7.814923738892028e-05,95247.665539212,95240.22200678704
6200.0,1,0.0369088336605322,101325.0,97585.21242934657
6200.0,2,0.014292297333647678,97585.21242934657,96190.49555793918
6200.0,3,0.006636064793083344,96190.49555793918,95552.1691969379
6200.0,4,0.0032162980252713027,95552.1691969379,95244.8449438394
6200.0,5,0.0015862363146609906,95244.8449438394,95093.76411200523
6200.0,6,0.0007885658193343876,95093.76411200523,95018.77641999465
6200.0,7,0.00039352032138341355,95018.77641999465,94981.3846005604
6200.0,8,0.00019674792413050714,94981.3846005604,94962.6972103092
6200.0,9,9.845925854028009e-05,94962.6972103092,94953.34725355289
6300.0,1,0.037994221405606925,101325.0,97475.23551607688
6300.0,2,0.015123390839177091,97475.23551607688,96001.07943222641
6300.0,3,0.007196200995345056,96001.07943222641,95310.23636886202
6300.0,4,0.0035745214292361768,95310.23636886202,94969.54788653596
6300.0,5,0.0018073626327698676,94969.54788653596,94797.90347443479
6300.0,6,0.0009214477131039914,94797.90347443479,94710.55216307122
6300.0,7,0.00047169467655333656,94710.55216307122,94665.87769980247
6300.0,8,0.00024195662844209552,94665.87769980247,94642.97266320571
6300.0,9,0.00012424081605048133,94642.97266320571,94631.2141430486
6300.0,10,6.382945065861241e-05,94631.2141430486,94625.17388463469
6400.0,1,0.038543677654925126,101325.0,97419.56186161471
6400.0,2,0.01565551342559584,97419.56186161471,95894.40860297454
6400.0,3,0.007585028265759026,95894.40860297454,95167.04680319273
6400.0,4,0.0038364274243490974,95167.04680319273,94801.94533494265
6400.0,5,0.001975692849140672,94801.94533494265,94614.64580945978
6400.0,6,0.0010261613075131888,94614.64580945978,94517.55592080604
6400.0,7,0.0005352520182227721,94517.55592080604,94466.96520824195
6400.0,8,0.00027979784161423575,94466.96520824195,94440.53355527284
6400.0,9,0.00014642603684439682,94440.53355527284,94426.70500222687
6400.0,10,7.66736569519946e-05,94426.70500222687,94419.46496144042
6500.0,1,0.03927434536729086,101325.0,97345.52695565925
6500.0,2,0.01629860808095815,97345.52695565925,95758.93036337462
6500.0,3,0.008048422355064016,95758.93036337462,94988.22204754101
6500.0,4,0.004149049697430766,94988.22204754101,94594.11119359518
6500.0,5,0.0021782868069824307,94594.11119359518,94388.05808916394
6500.0,6,0.0011537017960495985,94388.05808916394,94279.16241702084
6500.0,7,0.0006137689178682083,94279.16241702084,94221.29679752662
6500.0,8,0.0003272816170287892,94221.29679752662,94190.45989915218
6500.0,9,0.00017473027459449564,94190.45989915218,94174.00197422982
6500.0,10,9.334602136871741e-05,94174.00197422982,94165.21120582915
6600.0,1,0.039734875044817666,101325.0,97298.86378608385
6600.0,2,0.016786323383527667,97298.86378608385,95665.57359372084
6600.0,3,0.008421422191687636,95665.57359372084,94859.93340927815
6600.0,4,0.004410516039961668,94859.93340927815,94441.55215142683
6600.0,5,0.0023529321758235335,94441.55215142683,94219.33758463502
6600.0,6,0.001266579973102356,94219.33758463502,94100.00125857136
6600.0,7,0.0006849557741980887,94100.00125857136,94035.54691935725
6600.0,8,0.0003713230247946528,94035.54691935725,94000.62935563693
6600.0,9,0.00020156181097886452,94000.62935563693,93981.68241855086
6600.0,10,0.00010948895311958183,93981.68241855086,93971.39246253044
6600.0,11,5.94973720462692e-05,93971.39246253044,93965.80141163139
6700.0,1,0.04018738413974177,101325.0,97253.01330204066
6700.0,2,0.01727131061016888,97253.01330204066,95573.32630152623
6700.0,3,0.008797254303729178,95573.32630152623,94732.54344539842
6700.0,4,0.0046776671973415606,94732.54344539842,94289.41613440315
6700.0,5,0.0025340002653550502,94289.41613440315,94050.4867288984
6700.0,6,0.001385393722204173,94050.4867288984,93920.18977501393
6700.0,7,0.0007610582781440053,93920.18977501393,93848.7110371008
6700.0,8,0.0004191556631558733,93848.7110371008,93809.37381838972
6700.0,9,0.00023117302947304026,93809.37381838972,93787.68762125116
6700.0,10,0.00012759387212891527,93787.68762125116,93775.72088702954
6700.0,11,7.045378178763025e-05,93775.72088702954,93769.11403285319
6800.0,1,0.04088218135030368,101325.0,97182.61297468048
6800.0,2,0.017906742646689976,97182.61297468048,95442.38893441
6800.0,3,0.009274282608942284,95442.38893441,94557.2292465597
6800.0,4,0.0050137801944346565,94557.2292465597,94083.14008332268
6800.0,5,0.002761980515725511,94083.14008332268,93823.28428355427
6800.0,6,0.0015358700994270635,93823.28428355427,93679.18390659311
6800.0,7,0.0008583086725421992,93679.18390659311,93598.77825060941
6800.0,8,0.0004809547562807237,93598.77825060941,93553.76147302771
6800.0,9,0.0002699054573136757,93553.76147302771,93528.51080225392
6800.0,10,0.00015159294996327727,93528.51080225392,93514.33253939573
6800.0,11,8.518194149534367e-05,93514.33253939573,93506.36680699239
6900.0,1,0.04143947253353063,101325.0,97126.14544554001
6900.0,2,0.01846201475179038,97126.14544554001,95333.00111553991
6900.0,3,0.009705488046976685,95333.00111553991,94407.74781273062
6900.0,4,0.00532519281685874,94407.74781273062,93905.00835222246
6900.0,5,0.002977744526169643,93905.00835222246,93625.38322762171
6900.0,6,0.0016811133092367266,93625.38322762171,93467.98834979537
6900.0,7,0.0009539622278549254,93467.98834979537,93378.82341939608
6900.0,8,0.0005428643539772372,93378.82341939608,93328.13138474536
6900.0,9,0.0003094124727920817,93328.13138474536,93299.25449683254
6900.0,10,0.00017651105685867477,93299.25449683254,93282.78614681718
6900.0,11,0.00010074557563996665,93282.78614681718,93273.38831882951
6900.0,12,5.751819219577226e-05,93273.38831882951,93268.02340215344
7000.0,1,0.04260654365308831,101325.0,97007.89196435083
7000.0,2,0.019403675175263424,97007.89196435083,95125.58233923752
7000.0,3,0.010396654578143996,95125.58233923752,94136.59451811167
7000.0,4,0.005812808494822162,94136.59451811167,93589.39652182316
7000.0,5,0.0033126183219984915,93589.39652182316,93279.37057216019
7000.0,6,0.0019063538138582553,93279.37057216019,93101.54708831565
7000.0,7,0.001102919765251349,93101.54708831565,92998.86355185647
7000.0,8,0.0006399971895021952,92998.86355185647,92939.34454055638
7000.0,9,0.00037200564127523865,92939.34454055638,92904.77058009087
7000.0,10,0.0002164437966324709,92904.77058009087,92884.66191882125
7000.0,11,0.00012600450642822925,92884.66191882125,92872.95803284142
7000.0,12,7.337858464346208e-05,92872.95803284142,92866.14314662931
7100.0,1,0.04350965214067127,101325.0,96916.38449684648
7100.0,2,0.02018920831751799,96916.38449684648,94959.71942085898
7100.0,3,0.010994213299519606,94959.71942085898,93915.71201068352
7100.0,4,0.0062459864450005705,93915.71201068352,93329.11574649221
7100.0,5,0.0036172279969512327,93329.11574649221,92991.5230560833
7100.0,6,0.0021157834887640154,92991.5230560833,92794.77312700622
7100.0,7,0.0012443598701193485,92794.77312700622,92679.30303517015
7100.0,8,0.0007341307595236216,92679.30303517015,92611.26430804082
7100.0,9,0.0004338937327434022,92611.26430804082,92571.08086087611
7100.0,10,0.00025671460482821297,92571.08086087611,92547.3165124344
7100.0,11,0.00015198001988817064,92547.3165124344,92533.25116943024
7100.0,12,9.00079512906531e-05,92533.25116943024,92524.92244106621
7200.0,1,0.0447640790969485,101325.0,96789.2796855017
7200.0,2,0.021209185979463228,96789.2796855017,94736.4578518336
7200.0,3,0.011758459062591996,94736.4578518336,93622.50309044785
7200.0,4,0.006798872388054081,93622.50309044785,92985.9756392857
7200.0,5,0.004007685539387584,92985.9756392857,92613.31708935028
7200.0,6,0.0023863990068929996,92613.31708935028,92392.30476142319
7200.0,7,0.001429045905470147,92392.30476142319,92260.27191660693
7200.0,8,0.0008585503146407703,92260.27191660693,92181.06183112408
7200.0,9,0.0005167948899351707,92181.06183112408,92133.42312942096
7200.0,10,0.00031143374102940804,92133.42312942096,92104.72967278192
7200.0,11,0.00018780586249084132,92104.72967278192,92087.43186458624
7200.0,12,0.00011330010952637105,92087.43186458624,92076.99834846998
7200.0,13,6.836887361136177e-05,92076.99834846998,92070.70314780738
7300.0,1,0.045511170018692475,101325.0,96713.58069785598
7300.0,2,0.021909924058250103,96713.58069785598,94594.59348936452
7300.0,3,0.012314935610222354,94594.59348936452,93429.66716146783
7300.0,4,0.007217456858335275,93429.66716146783,92755.34256944132
7300.0,5,0.004312522186667932,92755.34256944132,92355.33309667862
7300.0,6,0.0026033155112943026,92355.33309667862,92114.90302547728
7300.0,7,0.001580643280952234,92114.90302547728,91969.3022229345
7300.0,8,0.000962959014324023,91969.3022229345,91880.73955431783
7300.0,9,0.0005878344160990648,91880.73955431783,91826.72889343117
7300.0,10,0.0003592757958874282,91826.72889343117,91793.73777232424
7300.0,11,0.00021974527773047268,91793.73777232424,91773.56653192354
7300.0,12,0.00013446369449960247,91773.56653192354,91761.22631911025
7300.0,13,8.230170014543658e-05,91761.22631911025,91753.67421417676
7400.0,1,0.0463674449012622,101325.0,96626.81864537961
7400.0,2,0.022687322377498945,96626.81864537961,94434.61486045975
7400.0,3,0.012930358978274827,94434.61486045975,93213.54139033888
7400.0,4,0.007682126438224727,93213.54139033888,92497.4631796236
7400.0,5,0.004653318444307515,92497.4631796236,92067.04302815821
7400.0,6,0.0028480210225000015,92067.04302815821,91804.8341541346
7400.0,7,0.0017534406106479673,91804.8341541346,91643.85982967494
7400.0,8,0.001083317822596054,91643.85982967494,91544.58040298996
7400.0,9,0.0006707103489885013,91544.58040298996,91483.18050551986
7400.0,10,0.0004157877722998614,91483.18050551986,91445.14291769457
7400.0,11,0.00025795912316908733,91445.14291769457,91421.55380880945
7400.0,12,0.00016011843424687378,91421.55380880945,91406.91553275716
7400.0,13,9.941741090068366e-05,91406.91553275716,91397.82809387648
7500.0,1,0.046967472186586645,101325.0,96566.02088069411
7500.0,2,0.023299620561730107,96566.02088069411,94316.06923501783
7500.0,3,0.013437072414650964,94316.06923501783,93048.73738284166
7500.0,4,0.008076136282183555,93048.73738284166,92297.26309885272
7500.0,5,0.0049490859850688075,92297.26309885272,91840.47600758998
7500.0,6,0.003064700312480059,91840.47600758998,91559.0124720712
7500.0,7,0.0019092642584455837,91559.0124720712,91384.2021220197
7500.0,8,0.001193724894862365,91384.2021220197,91275.11452494952
7500.0,9,0.0007479845259490551,91275.11452494952,91206.84215168063
7500.0,10,0.0004693175255784935,91206.84215168063,91164.03718220617
7500.0,11,0.0002947167407566628,91164.03718220617,91137.16961429361
7500.0,12,0.00018516969501204187,91137.16961429361,91120.29377239187
7500.0,13,0.0001163796712799522,91120.29377239187,91109.68922255571
7500.0,14,7.315995632148192e-05,91109.68922255571,91103.02364167172
7600.0,1,0.04761557827224896,101325.0,96500.35153156437
7600.0,2,0.02394658185550825,96500.35153156437,94189.49796452845
7600.0,3,0.013972509850545505,94189.49796452845,92873.43427640114
7600.0,4,0.008494499637282514,92873.43427640114,92084.52092262707
7600.0,5,0.005265365260552098,92084.52092262707,91599.66228512648
7600.0,6,0.0032983665136229407,91599.66228512648,91297.53302638605
7600.0,7,0.002078879206479158,91297.53302638605,91107.73648337465
7600.0,8,0.0013151088186860419,91107.73648337465,90987.91989567484
7600.0,9,0.0008338342545604394,90987.91989567484,90912.05105131463
7600.0,10,0.0005294341177066684,90912.05105131463,90863.91910977737
7600.0,11,0.00033645720422839084,90863.91910977737,90833.34728958846
7600.0,12,0.000213939600008481,90833.34728958846,90813.9144396019
7600.0,13,0.00013608386874711822,90813.9144396019,90801.55613078889
7600.0,14,8.658045785638453e-05,90801.55613078889,90793.69449048501
7700.0,1,0.048490250429443785,101325.0,96411.72537523661
7700.0,2,0.024750057328971738,96411.72537523661,94025.52964501442
7700.0,3,0.01462370783744884,94025.52964501442,92650.52777022435
7700.0,4,0.008999790441105528,92650.52777022435,91816.6924360345
7700.0,5,0.005647133916176766,91816.6924360345,91298.1912781078
7700.0,6,0.0035812706207716738,91298.1912781078,90971.22774795392
7700.0,7,0.002285336531560885,90971.22774795392,90763.32787786057
7700.0,8,0.0014638888158790746,90763.32787786057,90630.46045728821
7700.0,9,0.0009399155101370238,90630.46045728821,90545.27548181354
7700.0,10,0.0006043855194735946,90545.27548181354,90490.55122845559
7700.0,11,0.00038899929319966264,90490.55122845559,90455.35046798647
7700.0,12,0.00025052158986269257,90455.35046798647,90432.68944977564
7700.0,13,0.00016140208897075584,90432.68944977564,90418.0934247872
7700.0,14,0.00010401136922006152,90418.0934247872,90408.68891508783
7700.0,15,6.703810372529244e-05,90408.68891508783,90402.62808802267
7800.0,1,0.04899628263527434,101325.0,96360.45166198083
7800.0,2,0.02530644357008695,96360.45166198083,93921.91132960882
7800.0,3,0.015104029677461368,93921.91132960882,92503.31199352251
7800.0,4,0.009387317880366529,92503.31199352251,91634.9539988526
7800.0,5,0.005948504804288638,91634.9539988526,91089.86303474965
7800.0,6,0.003809918446796882,91089.86303474965,90742.81808525736
7800.0,7,0.002455635322070084,90742.81808525736,90519.98681594302
7800.0,8,0.0015888847338102468,90519.98681594302,90376.16099078646
7800.0,9,0.0010305632816505184,90376.16099078646,90283.02263773282
7800.0,10,0.0006694635600385462,90283.02263773282,90222.58144398672
7800.0,11,0.0004353203200548235,90222.58144398672,90183.30572095636
7800.0,12,0.000283248794550818,90183.30572095636,90157.76140832229
7800.0,13,0.00018437692310005458,90157.76140832229,90141.13839768023
7800.0,14,0.00012004979041789401,90141.13839768023,90130.31697290756
7800.0,15,7.817931051465275e-05,90130.31697290756,90123.27064687015
7900.0,1,0.049610981018459524,101325.0,96298.16734830459
7900.0,2,0.02593869385191357,96298.16734830459,93800.31866695658
7900.0,3,0.015642278974764477,93800.31866695658,92333.06791444623
7900.0,4,0.009820128165097914,92333.06791444623,91426.34535364968
7900.0,5,0.0062855170591372906,91426.34535364968,90851.68350027474
7900.0,6,0.004066591793403434,90851.68350027474,90482.22678973564
7900.0,7,0.00264785913948612,90482.22678973564,90242.64259856938
7900.0,8,0.0017309090381361159,90242.64259856938,90086.44079287023
7900.0,9,0.0011343273914536153,90086.44079287023,89984.25327548031
7900.0,10,0.0007445581469105112,89984.25327548031,89917.2547666104
7900.0,11,0.0004892259235734114,89917.2547666104,89873.26491460201
7900.0,12,0.00032167237960093327,89873.26491460201,89844.35516761443
7900.0,13,0.00021159720010086535,89844.35516761443,89825.34435361609
7900.0,14,0.00013922966201661383,89825.34435361609,89812.83800128121
7900.0,15,9.162967114251437e-05,89812.83800128121,89804.60848047078
8000.0,1,0.05050374970959811,101325.0,96207.70756067497
8000.0,2,0.02676626503278703,96207.70756067497,93632.58656190908
8000.0,3,0.016326418841885793,93632.58656190908,92103.90173645022
8000.0,4,0.010363445762830353,92103.90173645022,91149.38794625946
8000.0,5,0.006706556346795463,91149.38794625946,90538.08944002195
8000.0,6,0.004387117918246275,90538.08944002195,90140.88816555585
8000.0,7,0.002888461914826681,90140.88816555585,89880.51964312099
8000.0,8,0.0019094325989089307,89880.51964312099,89708.89884890754
8000.0,9,0.0012654920392165994,89708.89884890754,89595.37295156736
8000.0,10,0.0008401145083140108,89595.37295156736,89520.10257887295
8000.0,11,0.0005583301785720478,89520.10257887295,89470.1208040143
8000.0,12,0.00037132601541060037,89470.1208040143,89436.89822055784
8000.0,13,0.0002470731711543093,89436.89822055784,89414.80076249628
8000.0,14,0.0001644493809025211,89414.80076249628,89400.09655386736
8000.0,15,0.00010947865482607326,89400.09655386736,89390.30915155532
8000.0,16,7.289316949706261e-05,89390.30915155532,89383.79320859895
8100.0,1,0.0514980947473899,101325.0,96106.95554972072
8100.0,2,0.02767005053483568,96106.95554972072,93447.67123291074
8100.0,3,0.017072267787114823,93447.67123291074,91852.30756554022
8100.0,4,0.010957523146204613,91852.30756554022,90845.83377935851
8100.0,5,0.0071693853355789035,90845.83377935851,90194.52499086234
8100.0,6,0.004741857154504625,90194.52499086234,89766.83543723727
8100.0,7,0.0031568344264002643,89766.83543723727,89483.45640077999
8100.0,8,0.0021102730288196673,89483.45640077999,89294.62187621187
8100.0,9,0.0014144072007746364,89294.62187621187,89168.3229200397
8100.0,10,0.0009496463879396399,89168.3229200397,89083.64454426005
8100.0,11,0.0006383311196496927,89083.64454426005,89026.77968169564
8100.0,12,0.0004293983726592336,89026.77968169564,88988.55172737723
8100.0,13,0.0002889983517366953,88988.55172737723,88962.83418260458
8100.0,14,0.00019457099320558337,88962.83418260458,88945.52459559929
8100.0,15,0.00013102675528939544,88945.52459559929,88933.87035211401
8100.0,16,8.82487391394091e-05,88933.87035211401,88926.02205018865
8200.0,1,0.05201821321988175,101325.0,96054.25454549548
8200.0,2,0.028244388661384817,96054.25454549548,93341.26084753292
8200.0,3,0.017581124660522158,93341.26084753292,91700.21650460213
8200.0,4,0.01138095511805867,91700.21650460213,90656.58045624699
8200.0,5,0.007509954628914189,90656.58045624699,89975.75365020806
8200.0,6,0.0050096239253034055,89975.75365020806,89525.00896202477
8200.0,7,0.0033638284227399773,89525.00896202477,89223.86219233226
8200.0,8,0.0022681557816076376,89223.86219233226,89021.48857344336
8200.0,9,0.0015335090348825475,89021.48857344336,88884.9733164173
8200.0,10,0.0010386609698458818,88884.9733164173,88792.65196382774
8200.0,11,0.0007043307968257798,88792.65196382774,88730.11256451778
8200.0,12,0.000477996883604378,88730.11256451778,88687.69984723008
8200.0,13,0.00032456832931189526,88687.69984723008,88658.91462866015
8200.0,14,0.00022046740628813794,88658.91462866015,88639.36822770764
8200.0,15,0.00014979214320981547,88639.36822770764,88626.09074676805
8200.0,16,0.00010179015779007841,88626.09074676805,88617.06948300662
8200.0,17,6.917855138992168e-05,88617.06948300662,88610.93908251137
8300.0,1,0.05275579598200697,101325.0,95979.51897212314
8300.0,2,0.02897413383616948,95979.51897212314,93198.59554389368
8300.0,3,0.01820826410057556,93198.59554389368,91501.61090242774
8300.0,4,0.011895854652170775,91501.61090242774,90413.12103869297
8300.0,5,0.007921650383210589,90413.12103869297,89696.89990376955
8300.0,6,0.005332752758766553,89696.89990376955,89218.56851335491
8300.0,7,0.0036138472571539434,89218.56851335491,88896.14623424572
8300.0,8,0.0024593742999241496,88896.14623424572,88677.51733683492
8300.0,9,0.0016783389013515333,88677.51733683492,88528.68640981324
8300.0,10,0.0011474450969839447,88528.68640981324,88427.10460264987
8300.0,11,0.0007854515421147584,88427.10460264987,88357.64939697497
8300.0,12,0.0005381071613380737,88357.64939697497,88310.10351307546
8300.0,13,0.00036886207885834636,88310.10351307546,88277.52926470943
8300.0,14,0.0002529454205681754,88277.52926470943,88255.19986794285
8300.0,15,0.00017350184520767734,88255.19986794285,88239.88742791659
8300.0,16,0.00011903088968876627,88239.88742791659,88229.38415561001
8300.0,17,8.167119015788981e-05,88229.38415561001,88222.17835679912
8400.0,1,0.05404514995109232,101325.0,95848.87518120557
8400.0,2,0.030102429052657916,95848.87518120557,92963.59121628627
8400.0,3,0.019137992731661255,92963.59121628627,91184.45468327985
8400.0,4,0.012642949047275072,91184.45468327985,90031.61426881558
8400.0,5,0.008512030562765139,90031.61426881558,89265.26241654434
8400.0,6,0.005793338183019123,89265.26241654434,88748.11856336935
8400.0,7,0.0039693996332252355,88748.11856336935,88395.84181409449
8400.0,8,0.0027313870472376964,88395.84181409449,88154.3985567338
8400.0,9,0.0018848178497051222,88154.3985567338,87988.24357280404
8400.0,10,0.001303102508681171,87988.24357280404,87873.58587186987
8400.0,11,0.0009020814013058243,87873.58587186987,87794.31674438881
8400.0,12,0.0006250200634170932,87794.31674438881,87739.44353496957
8400.0,13,0.00043331507009689534,87739.44353496957,87701.42471184395
8400.0,14,0.0003005341580481563,87701.42471184395,87675.06743800855
8400.0,15,0.00020850108816236685,87675.06743800855,87656.78709104302
8400.0,16,0.0001446801266948134,87656.78709104302,87644.10489598103
8400.0,17,0.00010040816547613631,87644.10489598103,87635.30471219363
8400.0,18,6.96900031664782e-05,87635.30471219363,87629.19740753074
8500.0,1,0.054865978446889126,101325.0,95765.70473386896
8500.0,2,0.030900349847681665,95765.70473386896,92806.51095418262
8500.0,3,0.019826539478726955,92806.51095418262,90966.47900086662
8500.0,4,0.01321371839137482,90966.47900086662,89764.47356429425
8500.0,5,0.008974090224035693,89764.47356429425,88958.91907961521
8500.0,6,0.006161178870598341,88958.91907961521,88410.82726703062
8500.0,7,0.004258453736588115,88410.82726703062,88034.33384930048
8500.0,8,0.0029561299517715397,88034.33384930048,87774.09291822431
8500.0,9,0.002057998740218645,87774.09291822431,87593.45394557477
8500.0,10,0.001435524996084971,87593.45394557477,87467.71135294248
8500.0,11,0.001002658391501926,87467.71135294248,87380.01111816899
8500.0,12,0.0007009582801343581,87380.01111816899,87318.76137585747
8500.0,13,0.0004903498931516826,87318.76137585747,87275.94463054668
8500.0,14,0.00034317121754280633,87275.94463054668,87245.99403836562
8500.0,15,0.00024024178674138507,87245.99403836562,87225.03390487182
8500.0,16,0.00016822052433507065,87225.03390487182,87210.3608639332
8500.0,17,0.0001178078415989913,87210.3608639332,87200.08679955475
8500.0,18,8.251154327199617e-05,87200.08679955475,87192.89178581946
8600.0,1,0.05600768804896027,101325.0,95650.0210084391
8600.0,2,0.03193519328363537,95650.0210084391,92595.41909995081
8600.0,3,0.020699383750371222,92595.41909995081,90678.75098647448
8600.0,4,0.01392964483405882,90678.75098647448,89415.62819123683
8600.0,5,0.00955095314845064,89415.62819123683,88561.62371564304
8600.0,6,0.0066198674719014795,88561.62371564304,87975.35750354908
8600.0,7,0.004619302664010675,87975.35750354908,87568.97270026564
8600.0,8,0.0032374712100813165,87568.97270026564,87285.47067225214
8600.0,9,0.0022756586200599507,87285.47067225214,87086.83873851084
8600.0,10,0.0016027792922826752,87086.83873851084,86947.25775675039
8600.0,11,0.0011304109412430667,86947.25775675039,86848.97162527108
8600.0,12,0.0007980182686579579,86848.97162527108,86779.66455929996
8600.0,13,0.0005637392851226136,86779.66455929996,86730.74345323812
8600.0,14,0.0003984247909718703,86730.74345323812,86696.18777490692
8600.0,15,0.0002816805201265687,86696.18777490692,86671.7671476415
8600.0,16,0.00019919001854264818,86671.7671476415,86654.50299673624
8600.0,17,0.0001408799098567094,86654.50299673624,86642.29511816538
8600.0,18,9.965073162647254e-05,86642.29511816538,86633.66115006706
8700.0,1,0.057021202456237735,101325.0,95547.32666112171
8700.0,2,0.032882259685473626,95547.32666112171,92405.51465359793
8700.0,3,0.02151160941752834,92405.51465359793,90417.72331434404
8700.0,4,0.014604673780220493,90417.72331434404,89097.20196138781
8700.0,5,0.0101012122396554,89097.20196138781,88197.21221441639
8700.0,6,0.0070621532571744465,88197.21221441639,87574.34998490264
8700.0,7,0.00497086694229048,87574.34998490264,87139.02954357011
8700.0,8,0.003514352025912611,87139.02954357011,86832.79231855761
8700.0,9,0.0024920051879121583,86832.79231855761,86616.40454961886
8700.0,10,0.0017706674111018722,86616.40454961886,86463.03570481604
8700.0,11,0.001259907386165315,86463.03570481604,86354.10028750126
8700.0,12,0.000897365945431016,86354.10028750126,86276.60905865493
8700.0,13,0.000639591590656659,86276.60905865493,86221.42726503064
8700.0,14,0.0004560888967201088,86221.42726503064,86182.1026293957
8700.0,15,0.0003253476424607608,86182.1026293957,86154.06348548291
8700.0,16,0.0002321418173061035,86154.06348548291,86134.06352461709
8700.0,17,0.00016566684643874518,86134.06352461709,86119.79396594201
8700.0,18,0.00011824214900214084,86119.79396594201,86109.61097643185
8700.0,19,8.440105021152638e-05,86109.61097643185,86102.34323483214
8800.0,1,0.05812693542776745,101325.0,95435.28826778146
8800.0,2,0.03390220614474924,95435.28826778146,92199.82145144357
8800.0,3,0.022385275919165674,92199.82145144357,90135.9030085552
8800.0,4,0.01533226769011182,90135.9030085552,88753.91521513807
8800.0,5,0.010696557614632951,88753.91521513807,87804.5538475151
8800.0,6,0.007543002854322719,87804.5538475151,87142.24384722076
8800.0,7,0.005355236623724661,87142.24384722076,86675.57651149658
8800.0,8,0.003818950674444029,86675.57651149658,86344.56676012017
8800.0,9,0.0027315983702326002,86344.56676012017,86108.70808227979
8800.0,10,0.001957905168855893,86108.70808227979,85940.11539764199
8800.0,11,0.0014053897777185468,85940.11539764199,85819.33603796619
8800.0,12,0.001009825473332603,85819.33603796619,85732.67348633056
8800.0,13,0.0007261245307395453,85732.67348633056,85670.42088902625
8800.0,14,0.0005223968166028729,85670.42088902625,85625.6669338768
8800.0,15,0.0003759676553188158,85625.6669338768,85593.47445264456
8800.0,16,0.0002706546246405913,85593.47445264456,85570.3081829449
8800.0,17,0.00019487805365792473,85570.3081829449,85553.63240783529
8800.0,18,0.00014033619024770625,85553.63240783529,85541.62613700132
8800.0,19,0.00010106924864321744,85541.62613700132,85532.98050911994
8800.0,20,7.27945788549584e-05,85532.98050911994,85526.75417182557
8900.0,1,0.05921651026141585,101325.0,95324.88709776204
8900.0,2,0.03491555381412154,95324.88709776204,91996.56587247507
8900.0,3,0.02325964283978341,91996.56587247507,89856.75860779469
8900.0,4,0.0160656951534565,89856.75860779469,88413.14731652413
8900.0,5,0.01130103896232689,88413.14731652413,87413.98689391815
8900.0,6,0.00803483963712494,87413.98689391815,86711.62952718377
8900.0,7,0.005751350645584385,86711.62952718377,86212.92054072293
8900.0,8,0.004135266921217566,86212.92054072293,85856.40710222932
8900.0,9,0.0029823541317412308,85856.40710222932,85600.35289177153
8900.0,10,0.0021554240203898924,85600.35289177153,85415.84783499475
8900.0,11,0.0015600982528524148,85415.84783499475,85282.59072002147
8900.0,12,0.0011303935276574402,85282.59072002147,85186.1878314497
8900.0,13,0.0008196624191014058,85186.1878314497,85116.36391465775
8900.0,14,0.00059466943988314,85116.36391465775,85065.74781420373
8900.0,15,0.00043160420187744487,85065.74781420373,85029.03308001127
8900.0,16,0.00031334159811869717,85029.03308001127,85002.3899468995
8900.0,17,0.00022753014007151606,85002.3899468995,84983.04934120846
8900.0,18,0.00016524331389335112,84983.04934120846,84969.00646051056
8900.0,19,0.00012002046509650946,84969.00646051056,84958.80844083638
8900.0,20,8.71807102024337e-05,84958.80844083638,84951.40167157855
9000.0,1,0.06018098048677816,101325.0,95227.1621521772
9000.0,2,0.03584022153683044,95227.1621521772,91814.1995643195
9000.0,3,0.02407044334377189,91814.1995643195,89604.19107555278
9000.0,4,0.01675429882209597,89604.19107555278,88102.93568256078
9000.0,5,0.011874705577370597,88102.93568256078,87056.73926082836
9000.0,6,0.008506219111733692,87056.73926082836,86316.21556152268
9000.0,7,0.006134540157864614,86316.21556152268,85786.70527088562
9000.0,8,0.0044440246009543535,85786.70527088562,85405.46704222698
9000.0,9,0.0032292766982787474,85405.46704222698,85129.66915760191
9000.0,10,0.0023516127492960006,85129.66915760191,84929.47714226754
9000.0,11,0.0017150857770764738,84929.47714226754,84783.8158039663
9000.0,12,0.001252209914865336,84783.8158039663,84677.64866919645
9000.0,13,0.0009149712682417901,84677.64866919645,84600.17105360187
9000.0,14,0.0006689333636973528,84600.17105360187,84543.57917660961
9000.0,15,0.0004892558724336317,84543.57917660961,84502.2157340209
9000.0,16,0.0003579468422796785,84502.2157340209,84471.96843273327
9000.0,17,0.0002619360234422202,84471.96843273327,84449.84218122966
9000.0,18,0.0001917081843190033,84449.84218122966,84433.65245531907
9000.0,19,0.00014032539366570416,84433.65245531907,84421.80426979964
9000.0,20,0.00010272320569419488,84421.80426979964,84413.13219143456
9000.0,21,7.520170336838265e-05,84413.13219143456,84406.7841801071
9100.0,1,0.06112898093181588,101325.0,95131.10600708376
9100.0,2,0.03675612430207413,95131.10600708376,91634.4552496936
9100.0,3,0.02487887447402531,91634.4552496936,89354.69314004078
9100.0,4,0.017445306697603028,89354.69314004078,87795.87311334256
9100.0,5,0.01245407752634148,87795.87311334256,86702.45650309615
9100.0,6,0.008985381277861793,86702.45650309615,85923.4018736886
9100.0,7,0.0065266264843677315,85923.4018736886,85362.61192339282
9100.0,8,0.004762069701528227,85362.61192339282,84956.10921550912
9100.0,9,0.0034853599894373644,84956.10921550912,84660.00659159111
9100.0,10,0.002556487450432633,84660.00659159111,84443.57434718616
9100.0,11,0.0018780699737246268,84443.57434718616,84284.98340573073
9100.0,12,0.0013812205066146533,84284.98340573073,84168.56725825106
9100.0,13,0.0010166326038262283,84168.56725825106,84082.99874855898
9100.0,14,0.0007487201903894349,84082.99874855898,84020.04410972745
9100.0,15,0.0005516465545757942,84020.04410972745,83973.69474187901
9100.0,16,0.00040657284194679967,83973.69474187901,83939.55331815903
9100.0,17,0.0002997199604451694,83939.55331815903,83914.39495855873
9100.0,18,0.00022098679681527408,83914.39495855873,83895.85098521014
9100.0,19,0.00016295622024121276,83895.85098521014,83882.17963443967
9100.0,20,0.00012017531614661985,83882.17963443967,83872.09906698304
9100.0,21,8.863165387791629e-05,83872.09906698304,83864.66534412852
9200.0,1,0.06163623238752965,101325.0,95079.70875333356
9200.0,2,0.03734158116533735,95079.70875333356,91529.28209174432
9200.0,3,0.025431631403080503,91529.28209174432,89201.5431269985
9200.0,4,0.017937787035154227,89201.5431269985,87601.46484317927
9200.0,5,0.012879514104911378,87601.46484317927,86473.20054112065
9200.0,6,0.009345570435338391,86473.20054112065,85665.05915469446
9200.0,7,0.00682713295045419,85665.05915469446,85080.21240663684
9200.0,8,0.005009932670145021,85080.21240663684,84653.96627091795
9200.0,9,0.0036879066543583265,84653.96627091795,84341.77034538961
9200.0,10,0.002720713819936881,84341.77034538961,84112.30052521297
9200.0,11,0.002010335984562181,84112.30052521297,83943.20654072282
9200.0,12,0.0014871256361526969,83943.20654072282,83818.37244629525
9200.0,13,0.0011009954617448258,83818.37244629525,83726.08879862104
9200.0,14,0.0008156162245317152,83726.08879862104,83657.8004421803
9200.0,15,0.0006044757397022495,83657.8004421803,83607.23133137616
9200.0,16,0.000448140052241113,83607.23133137616,83569.76358235958
9200.0,17,0.00033231757269246197,83569.76358235958,83541.9918813754
9200.0,18,0.0002464734729581592,83541.9918813754,83521.40099649856
9200.0,19,0.00018282865461968615,83521.40099649856,83506.13089112242
9200.0,20,0.00013563153869252393,83506.13089112242,83494.8048260994
9200.0,21,0.00010062559989732532,83494.8048260994,83486.40311127546
9200.0,22,7.46585452622499e-05,83486.40311127546,83480.17013787
9300.0,1,0.06266437718551172,101325.0,94975.53198167802
9300.0,2,0.038323139037953965,94975.53198167802,91335.77146434053
9300.0,3,0.026298939605678487,91335.77146434053,88933.73752676179
9300.0,4,0.018682634767483514,88933.73752676179,87272.22099004206
9300.0,5,0.013508189095257084,87272.22099004206,86093.3313261455
9300.0,6,0.00986961845114726,86093.3313261455,85243.62299476824
9300.0,7,0.007259723906830851,85243.62299476824,84624.77782700825
9300.0,8,0.0053641673196585075,84624.77782700825,84170.83635935525
9300.0,9,0.003975998522252843,84170.83635935525,83836.17323837367
9300.0,10,0.0029536215268427747,83836.17323837367,83588.55291236869
9300.0,11,0.0021976422911302415,83588.55291236869,83404.85517343409
9300.0,12,0.0016370537249719378,83404.85517343409,83268.31694459167
9300.0,13,0.0012204993259473868,83268.31694459167,83166.68801988802
9300.0,14,0.0009105073458143458,83166.68801988802,83090.96413951887
9300.0,15,0.0006795631219446738,83090.96413951887,83034.49858452282
9300.0,16,0.0005073698740576024,83034.49858452282,82992.36938143356
9300.0,17,0.00037890457417496224,82992.36938143356,82960.92319305331
9300.0,18,0.0002830199577456964,82960.92319305331,82937.44359607667
9300.0,19,0.0002114293983962576,82937.44359607667,82919.90818227263
9300.0,20,0.00015796440232817937,82919.90818227263,82906.80978853551
9300.0,21,0.00011802854482113447,82906.80978853551,82897.0244184204
9300.0,22,8.819424097207261e-05,82897.0244184204,82889.71337827298
9400.0,1,0.06336182647482606,101325.0,94904.86293243825
9400.0,2,0.039055389858446345,94904.86293243825,91198.31651114946
9400.0,3,0.026972753638488643,91198.31651114946,88738.44678764931
9400.0,4,0.019276944835308556,88738.44678764931,87027.84064415284
9400.0,5,0.014020024324851993,87027.84064415284,85807.70820138247
9400.0,6,0.01030335980894927,85807.70820138247,84923.6005094023
9400.0,7,0.007622867949781123,84923.6005094023,84276.23911689916
9400.0,8,0.005665292476791013,84276.23911689916,83798.78957345795
9400.0,9,0.004223713787668823,83798.78957345795,83444.84747054658
9400.0,10,0.0031560217493605902,83444.84747054658,83181.49371705746
9400.0,11,0.002362045891203928,83181.49371705746,82985.01521159887
9400.0,12,0.0017699035735406535,82985.01521159887,82838.13973662554
9400.0,13,0.0013273581504609938,82838.13973662554,82728.1838566771
9400.0,14,0.0009961062235432426,82728.1838566771,82645.77779787504
9400.0,15,0.0007478774159217676,82645.77779787504,82583.96888713872
9400.0,16,0.0005617066646598088,82583.96888713872,82537.58092142075
9400.0,17,0.0004219918132716999,82537.58092142075,82502.75073798466
9400.0,18,0.00031709158305028744,82502.75073798466,82476.58981014715
9400.0,19,0.00023830326595081406,82476.58981014715,82456.93536943091
9400.0,20,0.0001791115940104365,82456.93536943091,82442.16637629968
9400.0,21,0.00013463368509183195,82442.16637629968,82431.06688363348
9400.0,22,0.00010120711333673787,82431.06688363348,82422.72427330492
9400.0,23,7.608320895333316e-05,82422.72427330492,82416.45328795153
9500.0,1,0.06425521168817644,101325.0,94814.34067569552
9500.0,2,0.039939300118316264,94814.34067569552,91027.52226792864
9500.0,3,0.027769948187773324,91027.52226792864,88499.69269088688
9500.0,4,0.019973009523067242,88499.69269088688,86732.08748598327
9500.0,5,0.014616279152018699,86732.08748598327,85464.38708385083
9500.0,6,0.010807319577309002,85464.38708385083,84540.74614015681
9500.0,7,0.008044460548523974,84540.74614015681,83860.66144308954
9500.0,8,0.006015048651796685,83860.66144308954,83356.23548453751
9500.0,9,0.004511843772401148,83356.23548453751,82980.1451725758
9500.0,10,0.0033919514622083287,82980.1451725758,82698.68054782342
9500.0,11,0.0025542095995328786,82698.68054782342,82487.45078409946
9500.0,12,0.0019256842094836075,82487.45078409946,82328.60600264397
9500.0,13,0.0014531123398595907,82328.60600264397,82208.97328933809
9500.0,14,0.0010972359030883513,82208.97328933809,82118.770652289
9500.0,15,0.0008289244102008511,82118.770652289,82050.70039875963
9500.0,16,0.0006264555380621597,82050.70039875963,81999.29928309294
9500.0,17,0.00047357203068092667,81999.29928309294,81960.46670841704
9500.0,18,0.00035807374316429517,81960.46670841704,81931.11881731126
9500.0,19,0.000270786617473431,81931.11881731126,81908.9329667809
9500.0,20,0.00020480163643668876,81908.9329667809,81892.15788327053
9500.0,21,0.0001549096676535743,81892.15788327053,81879.4719963094
9500.0,22,0.00011717986169006305,81879.4719963094,81869.87737110561
9500.0,23,8.864405665380124e-05,81869.87737110561,81862.62009305769
9600.0,1,0.0649290413708966,101325.0,94746.0648830939
9600.0,2,0.040656000276860046,94746.0648830939,90894.06884297544
9600.0,3,0.02843666279653809,90894.06884297544,88309.34485708243
9600.0,4,0.020567229435697332,88309.34485708243,86493.0663000907
9600.0,5,0.015133360573675708,86493.0663000907,85184.13554064858
9600.0,6,0.011250083231461531,85184.13554064858,84225.80692581618
9600.0,7,0.008419067859769638,84225.80692581618,83516.70414176388
9600.0,8,0.006328995647050349,83516.70414176388,82988.12728479467
9600.0,9,0.004772900085743683,82988.12728479467,82592.03324496136
9600.0,10,0.0036075892001118655,82592.03324496136,82294.07511781156
9600.0,11,0.0027313081972852003,82294.07511781156,82069.30463585428
9600.0,12,0.0020703975288368513,82069.30463585428,81899.38855034285
9600.0,13,0.0015708323487890383,81899.38855034285,81770.73834146193
9600.0,14,0.0011926130043101754,81770.73834146193,81673.21749554385
9600.0,15,0.0009059193899061459,81673.21749554385,81599.22814417862
9600.0,16,0.0006884072571242657,81599.22814417862,81543.05464334843
9600.0,17,0.0005232708294082688,81543.05464334843,81500.38554151272
9600.0,18,0.0003978343636624586,81500.38554151272,81467.96188749257
9600.0,19,0.0003025169899255243,81467.96188749257,81443.316444887
9600.0,20,0.0002300655624460774,81443.316444887,81424.57914248163
9600.0,21,0.000174982540035747,81424.57914248163,81410.33126280193
9600.0,22,0.0001330972682163518,81410.33126280193,81399.49577010627
9600.0,23,0.00010124354959560277,81399.49577010627,81391.25459621921
9600.0,24,7.7016480386966e-05,81391.25459621921,81384.98612825593
9700.0,1,0.06517955369530316,101325.0,94720.6817218234
9700.0,2,0.04104518809797266,94720.6817218234,90832.85352378296
9700.0,3,0.028842422963826747,90832.85352378296,88213.0139434387
9700.0,4,0.02095267014400673,88213.0139434387,86364.71575987316
9700.0,5,0.015483470479048096,86364.71575987316,85027.49023297378
9700.0,6,0.011559578510466515,85027.49023297378,84044.6082840778
9700.0,7,0.00868759437839807,84044.6082840778,83314.46281761437
9700.0,8,0.006558758256480985,83314.46281761437,82768.02339672507
9700.0,9,0.004967359963763164,82768.02339672507,82356.88483102436
9700.0,10,0.003770712744228855,82356.88483102436,82046.34067581703
9700.0,11,0.0028671292237158253,82046.34067581703,81811.10321476645
9700.0,12,0.002182767687753174,81811.10321476645,81632.52858216982
9700.0,13,0.0016632879844861565,81632.52858216982,81496.75017823587
9700.0,14,0.0012683147308704878,81496.75017823587,81393.38664946675
9700.0,15,0.000967636681378051,81393.38664946675,81314.62742292313
9700.0,16,0.0007385301048388933,81314.62742292313,81254.57412260755
9700.0,17,0.000563836730592822,81254.57412260755,81208.75980918854
9700.0,18,0.0004305629875559982,81208.75980918854,81173.79432294938
9700.0,19,0.00032884760286447015,81173.79432294938,81147.10051527087
9700.0,20,0.00025119414267756203,81147.10051527087,81126.71683892616
9700.0,21,0.00019189676411227665,81126.71683892616,81111.14888448172
9700.0,22,0.00014660838990500542,81111.14888448172,81099.25730954042
9700.0,23,0.0001120147454902788,81099.25730954042,81090.17299687344
9700.0,24,8.558759077890487e-05,81090.17299687344,81083.2326843308
9800.0,1,0.0654268615112044,101325.0,94695.62325737721
9800.0,2,0.04143006320902926,94695.62325737721,90772.37760020565
9800.0,3,0.02924498375773449,90772.37760020565,88117.7408916367
9800.0,4,0.021336388928322014,88117.7408916367,86237.62650048763
9800.0,5,0.015833257548409776,86237.62650048763,84872.20394974184
9800.0,6,0.011869917962809813,84872.20394974184,83864.77785153555
9800.0,7,0.008957858735500207,83864.77785153555,83113.52901865738
9800.0,8,0.006790888368840486,83113.52901865738,82549.1143211513
9800.0,9,0.005164584932549037,82549.1143211513,82122.78240913301
9800.0,10,0.003936807133334753,82122.78240913301,81799.48085353544
9800.0,11,0.0030059760285014963,81799.48085353544,81553.59357494584
9800.0,12,0.0022981056066552308,81553.59357494584,81366.17480430838
9800.0,13,0.0017585733070555416,81366.17480430838,81223.0864212003
9800.0,14,0.0013466553323069172,81223.0864212003,81113.70691876477
9800.0,15,0.0010317711264812958,81113.70691876477,81030.01613800412
9800.0,16,0.0007908342979131633,81030.01613800412,80965.93482208173
9800.0,17,0.0006063465576419402,80965.93482208173,80916.8414062161
9800.0,18,0.0004650053533698368,80916.8414062161,80879.21464178443
9800.0,19,0.00035667492447084885,80879.21464178443,80850.36705401081
9800.0,20,0.000273619167599623,80850.36705401081,80828.24484387737
9800.0,21,0.00020992581229879943,80828.24484387737,80811.27690892183
9800.0,22,0.00016107195116241534,80811.27690892183,80798.26047887419
9800.0,23,0.00012359492017918966,80798.26047887419,80788.27422431968
9800.0,24,9.48422239741672e-05,80788.27422431968,80780.61208472122
9900.0,1,0.06592309710260977,101325.0,94645.34218607807
9900.0,2,0.04200741082232734,94645.34218607807,90669.53641444774
9900.0,3,0.029803347657968514,90669.53641444774,87967.28069870111
9900.0,4,0.02184778900354311,87967.28069870111,86045.39011078044
9900.0,5,0.016288257196834244,86045.39011078044,84643.86066605411
9900.0,6,0.012267187316183469,84643.86066605411,83605.51857209869
9900.0,7,0.009300032796077934,83605.51857209869,82827.98450744507
9900.0,8,0.007082521127857598,82827.98450744507,82241.35355719323
9900.0,9,0.005411032384072515,82241.35355719323,81796.3429297853
9900.0,10,0.004143592292752508,81796.3429297853,81457.4122336461
9900.0,11,0.0031784283710063095,81457.4122336461,81198.50568357392
9900.0,12,0.0024411652812724454,81198.50568357392,81000.28671060798
9900.0,13,0.001876696916198591,81000.28671060798,80848.27372232698
9900.0,14,0.001443784623887292,80848.27372232698,80731.54622785885
9900.0,15,0.001111340050375154,80731.54622785885,80641.82602720712
9900.0,16,0.0008557984973721737,80641.82602720712,80572.81287366769
9900.0,17,0.0006592248770725126,80572.81287366769,80519.69727100566
9900.0,18,0.0005079265797126994,80519.69727100566,80478.7991765713
9900.0,19,0.00039142542598768446,80478.7991765713,80447.29772832063
9900.0,20,0.0003016887555043484,80447.29772832063,80423.02768318528
9900.0,21,0.0002325502796699991,80423.02768318528,80404.32528560565
9900.0,22,0.00017927150395159375,80404.32528560565,80389.91108128749
9900.0,23,0.00013820821783520787,80389.91108128749,80378.80053494501
9900.0,24,0.00010655606939699523,80378.80053494501,80370.23568589716
9900.0,25,8.215599251708439e-05,80370.23568589716,80363.63278941555
10000.0,1,0.06600916787295731,101325.0,94636.6210652726
10000.0,2,0.042263082417300354,94636.6210652726,90636.98574949616
10000.0,3,0.03010208825016991,90636.98574949616,87908.62320573544
10000.0,4,0.022148730282258545,87908.62320573544,85961.5588208669
10000.0,5,0.016572647053913224,85961.5588208669,84536.94824632448
10000.0,6,0.012526361987306339,84536.94824632448,83478.00783128884
10000.0,7,0.00953067635497352,83478.00783128884,82682.40595589088
10000.0,8,0.007284303438123462,82682.40595589088,82080.12222191406
10000.0,9,0.005585286214480901,82080.12222191406,81621.6812467851
10000.0,10,0.004292526354141242,81621.6812467851,81271.31802896396
10000.0,11,0.003304646491077876,81271.31802896396,81002.74505301427
10000.0,12,0.002547371937682022,81002.74505301427,80796.400933391
10000.0,13,0.001965520602914666,80796.400933391,80637.59394271507
10000.0,14,0.001517677202688437,80637.59394271507,80515.21210470857
10000.0,15,0.0011725253603084517,80515.21210470857,80420.80597662518
10000.0,16,0.0009062526465248497,80420.80597662518,80347.9244083732
10000.0,17,0.0007006764621420546,80347.9244083732,80291.62650895829
10000.0,18,0.0005418689177164319,80291.62650895829,80248.11897220019
10000.0,19,0.0004191354788154308,80248.11897220019,80214.48413843074
10000.0,20,0.00032424921183916793,80214.48413843074,80188.47465517076
10000.0,21,0.0002508724936369723,80188.47465517076,80168.35757257308
10000.0,22,0.00019411784553359423,80168.35757257308,80152.79546372112
10000.0,23,0.0001502129794827978,80152.79546372112,80140.75547350064
10000.0,24,0.00011624447448761709,80140.75547350064,80131.43955349558
10000.0,25,8.99611189508398e-05,80131.43955349558,80124.23083953021
10100.0,1,0.06599397834789683,101325.0,94638.16014389935
10100.0,2,0.042436758522095545,94638.16014389935,90622.02339489729
10100.0,3,0.030333819823533534,90622.02339489729,87873.11126519243
10100.0,4,0.022395113863949004,87873.11126519243,85905.18293282899
10100.0,5,0.016812858679078987,85905.18293282899,84460.87123237891
10100.0,6,0.01274997345875306,84460.87123237891,83383.99736586292
10100.0,7,0.009732863128089327,83383.99736586292,82572.43233242801
10100.0,8,0.007463452180150992,82572.43233242801,81956.15693231618
10100.0,9,0.005741646563320504,81956.15693231618,81485.5936455228
10100.0,10,0.0044274001822789495,81485.5936455228,81124.8243133635
10100.0,11,0.0034198844580053335,81124.8243133635,80847.38678753581
10100.0,12,0.0026450578006861065,80847.38678753581,80633.54077644835
10100.0,13,0.0020477750665700363,80633.54077644835,80468.42142211708
10100.0,14,0.0015865396633116587,80468.42142211708,80340.75507988682
10100.0,15,0.0012298869018944085,80340.75507988682,80241.94503752576
10100.0,16,0.0009538226955905851,80241.94503752576,80165.40844921063
10100.0,17,0.0007399712560029772,80165.40844921063,80106.08835123248
10100.0,18,0.0005742137311757372,80106.08835123248,80060.09033535043
10100.0,19,0.0004456751229989192,80060.09033535043,80024.40954474291
10100.0,20,0.00034596309045106376,80024.40954474291,79996.72405270529
10100.0,21,0.0002685917366797125,79996.72405270529,79975.23759366329
10100.0,22,0.00020854290370250723,79975.23759366329,79958.55932539121
10100.0,23,0.00016193066480362433,79958.55932539121,79945.61158272291
10100.0,24,0.0001257438492249757,79945.61158272291,79935.55891379385
10100.0,25,9.76479194271206e-05,79935.55891379385,79927.75337277768
10200.0,1,0.066077372331849,101325.0,94629.7102484754
10200.0,2,0.04268515064586686,94629.7102484754,90590.4268109445
10200.0,3,0.030625710402447808,90590.4268109445,87816.03063419837
10200.0,4,0.022690876437267003,87816.03063419837,85823.40793386652
10200.0,5,0.017094021728342373,85823.40793386652,84356.34073384461
10200.0,6,0.01300776297885212,84356.34073384461,83259.05344781547
10200.0,7,0.009963690642626997,83259.05344781547,82429.4859960635
10200.0,8,0.007666662707092898,82429.4859960635,81797.52692981264
10200.0,9,0.005918251699545598,81797.52692981264,81313.42857704165
10200.0,10,0.00457931886062437,81313.42857704165,80941.06845993677
10200.0,11,0.0035494740777894324,80941.06845993677,80653.77023560964
10200.0,12,0.0027548227455937765,80653.77023560964,80431.58339484669
10200.0,13,0.0021401880518014146,80431.58339484669,80259.44468107757
10200.0,14,0.001663936469854961,80259.44468107757,80125.89806402242
10200.0,15,0.0012944092479715342,80125.89806402242,80022.18236056632
10200.0,16,0.0010073925666523157,80022.18236056632,79941.56860888899
10200.0,17,0.0007842854620717642,79941.56860888899,79878.87159881383
10200.0,18,0.0006107510565903968,79878.87159881383,79830.0854935856
10200.0,19,0.00047571087291346293,79830.0854935856,79792.1094539307
10200.0,20,0.00037058752314663313,79792.1094539307,79762.53949372152
10200.0,21,0.00028873004581654523,79762.53949372152,79739.50965203905
10200.0,22,0.00022497523758911722,79739.50965203905,79721.57023690984
10200.0,23,0.00017531124407927368,79721.57023690984,79707.59414925166
10200.0,24,0.00013661864232646605,79707.59414925166,79696.70460595588
10200.0,25,0.00010647060625803398,79696.70460595588,79688.21924949971
10200.0,26,8.297833661648413e-05,79688.21924949971,79681.60685361846
10300.0,1,0.06620867954889809,101325.0,94616.4055447079
10300.0,2,0.04296895364907836,94616.4055447079,90550.83760041495
10300.0,3,0.03094612725689662,90550.83760041495,87748.63985681393
10300.0,4,0.023010359918590385,87748.63985681393,85729.51207134187
10300.0,5,0.01739527692326006,85729.51207134187,84238.22346836491
10300.0,6,0.013282771035642103,84238.22346836491,83119.30643358537
10300.0,7,0.010209383674213257,83119.30643358537,82270.7095434704
10300.0,8,0.007882764009233567,82270.7095434704,81622.18895526702
10300.0,9,0.006106060266966693,81622.18895526702,81123.79895038441
10300.0,10,0.004740980799892543,81123.79895038441,80739.1925771463
10300.0,11,0.003687532703481622,80739.1925771463,80441.46416406537
10300.0,12,0.0028719390735664737,80441.46416406537,80210.4411799977
10300.0,13,0.002238969793809875,80210.4411799977,80030.85242504752
10300.0,14,0.0017468376908067699,80030.85242504752,79891.05151560405
10300.0,15,0.0013636764394744155,79891.05151560405,79782.10597092738
10300.0,16,0.0010650410999059827,79782.10597092738,79697.13474903129
10300.0,17,0.000832095602049302,79697.13474903129,79630.81911371069
10300.0,18,0.000650276167102481,79630.81911371069,79579.0370898742
10300.0,19,0.0005082927835609404,79579.0370898742,79538.58763959869
10300.0,20,0.0003973756489391566,79538.58763959869,79506.9809417197
10300.0,21,0.00031070198322975004,79506.9809417197,79482.2779650605
10300.0,22,0.0002429573562003641,79482.2779650605,79462.96716094132
10300.0,23,0.00018999835052232648,79462.96716094132,79447.86932825313
10300.0,24,0.00014859218112283954,79447.86932825313,79436.06399606408
10300.0,25,0.00011621512800297418,79436.06399606408,79426.83232371873
10300.0,26,9.089614231864188e-05,79426.83232371873,79419.61273106391
10400.0,1,0.06624033432531194,101325.0,94613.19812448777
10400.0,2,0.0431717403611254,94613.19812448777,90528.58170032167
10400.0,3,0.031199965400893117,90528.58170032167,87704.0930834797
10400.0,4,0.02327528543940231,87704.0930834797,85662.7552827578
10400.0,5,0.01765203868899097,85662.7552827578,84150.633012301
10400.0,6,0.013521687110036438,84150.633012301,83012.77448259716
10400.0,7,0.010425961133061865,83012.77448259716,82147.28652229397
10400.0,8,0.008075508730035433,82147.28652229397,81483.90539283447
10400.0,9,0.00627523764006177,81483.90539283447,80972.57452265412
10400.0,10,0.004887865598332644,80972.57452265412,80576.79146123641
10400.0,11,0.0038139389780492343,80576.79146123641,80269.47649555626
10400.0,12,0.0029799217690412855,80269.47649555626,80030.2797351576
10400.0,13,0.0023306363546748837,80030.2797351576,79843.75825573204
10400.0,14,0.001824231955761028,79843.75825573204,79698.10472045388
10400.0,15,0.0014287106422409058,79698.10472045388,79584.23919007333
10400.0,16,0.0011194599308625719,79584.23919007333,79495.14782317186
10400.0,17,0.0008774614467207121,79495.14782317186,79425.39389575567
10400.0,18,0.0006879680455443189,79425.39389575567,79370.75176275062
10400.0,19,0.0005395138312003863,79370.75176275062,79327.93014438184
10400.0,20,0.0004231655871825012,79327.93014438184,79294.36129424232
10400.0,21,0.00033195215789747076,79294.36129424232,79268.0393599016
10400.0,22,0.00026042672104810297,79268.0393599016,79247.39584432718
10400.0,23,0.00020432933913260685,79247.39584432718,79231.20327630633
10400.0,24,0.00016032580909372662,79231.20327630633,79218.50046953559
10400.0,25,0.00012580494600292376,79218.50046953559,79208.53439036159
10400.0,26,9.872085196350912e-05,79208.53439036159,79200.71485636379
10500.0,1,0.0658837135483719,101325.0,94649.33272471122
10500.0,2,0.043064115495836656,94649.33272471122,90573.34292865038
10500.0,3,0.03119859408407455,90573.34292865038,87747.58196778173
10500.0,4,0.023329370531383262,87747.58196778173,85700.48611482243
10500.0,5,0.017734503956924916,85700.48611482243,84180.63050470872
10500.0,6,0.013616642832302107,84180.63050470872,83034.37292572811
10500.0,7,0.010523816676490782,83034.37292572811,82160.53440721038
10500.0,8,0.008170525106619538,82160.53440721038,81489.23969806299
10500.0,9,0.006364126592977906,81489.23969806299,80970.63186065899
10500.0,10,0.004968922875192887,80970.63186065899,80568.29503578774
10500.0,11,0.0038864828837132347,80568.29503578774,80255.1677361612
10500.0,12,0.003043919859501111,80255.1677361612,80010.8774372615
10500.0,13,0.002386454084425597,80010.8774372615,79819.93515200287
10500.0,14,0.0018724630391865808,79819.93515200287,79670.47527364048
10500.0,15,0.001470063313717374,79670.47527364048,79553.35463075427
10500.0,16,0.001154681886363443,79553.35463075427,79461.49581316269
10500.0,17,0.0009072916670052076,79461.49581316269,79389.40106016364
10500.0,18,0.000713107264843749,79389.40106016364,79332.78790151604
10500.0,19,0.0005606078384694969,79332.78790151604,79288.31331877082
10500.0,20,0.00044079723485333496,79288.31331877082,79253.36324950372
10500.0,21,0.00034663914920592386,79253.36324950372,79225.8909310952
10500.0,22,0.00027262310418062154,79225.8909310952,79204.29212277809
10500.0,23,0.00021442925418040456,79204.29212277809,79187.30840549032
10500.0,24,0.00016866848044508779,79187.30840549032,79173.95200251103
10500.0,25,0.00013268023475794663,79173.95200251103,79163.44718397262
10500.0,26,0.00010437491431919719,79163.44718397262,79155.18450595558
10500.0,27,8.211072125244421e-05,79155.18450595558,79148.68501666492
10600.0,1,0.06610830305422663,101325.0,94626.57619303049
10600.0,2,0.04341451072864088,94626.57619303049,90518.40968568361
10600.0,3,0.031572082125816005,90518.40968568361,87660.55502118895
10600.0,4,0.02369306794812613,87660.55502118895,85583.60753470147
10600.0,5,0.018073604324347268,85583.60753470147,84036.80327546905
10600.0,6,0.013924615061398193,84036.80327546905,82866.6231388677
10600.0,7,0.010798539701862783,82866.6231388677,81971.78461894333
10600.0,8,0.00841235530745175,81971.78461894333,81282.20884154287
10600.0,9,0.00657480810264042,81282.20884154287,80747.79391625099
10600.0,10,0.0051509327513960205,80747.79391625099,80331.8674599648
10600.0,11,0.004042625549826662,80331.8674599648,80007.11580010585
10600.0,12,0.0031770743535470447,80007.11580010585,79752.92724439607
10600.0,13,0.002499418976234075,79752.92724439607,79553.5912646312
10600.0,14,0.001967865273650289,79553.5912646312,79397.04051498737
10600.0,15,0.0015503093111334666,79397.04051498737,79273.95054380054
10600.0,16,0.0012219365153455029,79273.95054380054,79177.08280891538
10600.0,17,0.0009634753359853672,79177.08280891538,79100.79764245372
10600.0,18,0.0007599044403776343,79100.79764245372,79040.6885950878
10600.0,19,0.0005994823839880278,79040.6885950878,78993.30509465677
10600.0,20,0.0004730114125846695,78993.30509465677,78955.94035982921
10600.0,21,0.00037327414816617566,78955.94035982921,78926.46814844874
10600.0,22,0.0002945996797887862,78926.46814844874,78903.21643620534
10600.0,23,0.00023252757701339562,78903.21643620534,78884.86926246887
10600.0,24,0.0001835466526717087,78884.86926246887,78870.3902087693
10600.0,25,0.000144891184453784,78870.3902087693,78858.96258451362
10600.0,26,0.00011438155013397223,78858.96258451362,78849.94257413124
10600.0,27,9.02993450349777e-05,78849.94257413124,78842.82247596075
10700.0,1,0.06623305936289466,101325.0,94613.9352600547
10700.0,2,0.043683729358611936,94613.9352600547,90480.84571860124
10700.0,3,0.031878705035193515,90480.84571860124,87596.4335266031
10700.0,4,0.024001793523639695,87596.4335266031,85493.96201569034
10700.0,5,0.01836769961847665,85493.96201569034,83923.63460219269
10700.0,6,0.01419592254336515,83923.63460219269,82732.26118582228
10700.0,7,0.011043547844675032,82732.26118582228,81818.6035011185
10700.0,8,0.00863023204245631,81818.6035011185,81112.48996751412
10700.0,9,0.0067662862701205135,81112.48996751412,80563.65964031164
10700.0,10,0.005317633887094863,80563.65964031164,80135.25159373994
10700.0,11,0.004186634863769684,80135.25159373994,79799.75455560064
10700.0,12,0.003300670076968132,79799.75455560064,79536.36189358956
10700.0,13,0.002604900909056629,79536.36189358956,79329.1775521899
10700.0,14,0.002057448822903184,79329.1775521899,79165.96182921327
10700.0,15,0.0016260633611519994,79165.96182921327,79037.23295923242
10700.0,16,0.0012857507145448313,79037.23295923242,78935.61078047944
10700.0,17,0.0010170469776841615,78935.61078047944,78855.3295561035
10700.0,18,0.0008047381494014633,78855.3295561035,78791.87166412608
10700.0,19,0.0006368978874842414,78791.87166412608,78741.68928751227
10700.0,20,0.0005041561132549122,78741.68928751227,78701.99118348995
10700.0,21,0.00039913823558435487,78701.99118348995,78670.578209592
10700.0,22,0.00031603224060096385,78670.578209592,78645.71577049105
10700.0,23,0.00025025268348901817,78645.71577049105,78626.03446907457
10700.0,24,0.0001981787786173113,78626.03446907457,78610.45245759597
10700.0,25,0.00015694955944768938,78610.45245759597,78598.11458171476
10700.0,26,0.00012430324630488142,78598.11458171476,78588.34458091881
10700.0,27,9.845101598017706e-05,78588.34458091881,78580.60747855062
10800.0,1,0.06673586770184949,101325.0,94562.9882051101
10800.0,2,0.04425311533502603,94562.9882051101,90378.28138164466
10800.0,3,0.03243306519329194,90378.28138164466,87447.0366895361
10800.0,4,0.02451700733757563,87447.0366895361,85303.09704936949
10800.0,5,0.01883461781109751,85303.09704936949,83696.44581834166
10800.0,6,0.014612148089537319,83696.44581834166,82473.46095747611
10800.0,7,0.011410165695244657,82473.46095747611,81532.42510249102
10800.0,8,0.008950170157869048,81532.42510249102,80802.69602444001
10800.0,9,0.007043395676632245,80802.69602444001,80233.57066460124
10800.0,10,0.005556142620454317,80233.57066460124,79787.78150304042
10800.0,11,0.004390817195630151,79787.78150304042,79437.44794001569
10800.0,12,0.0034746478219440336,79437.44794001569,79161.43078455012
10800.0,13,0.0027525288957288164,79161.43078455012,78943.5366588884
10800.0,14,0.0021822550478643125,78943.5366588884,78771.26172751829
10800.0,15,0.001731224830970817,78771.26172751829,78634.8909632487
10800.0,16,0.0013740923504318692,78634.8909632487,78526.83936109906
10800.0,17,0.0010910550286171205,78526.83936109906,78441.16225813272
10800.0,18,0.0008665822625448351,78441.16225813272,78373.18653826643
10800.0,19,0.0006884578313839485,78373.18653826643,78319.22990422364
10800.0,20,0.0005470504352447217,78319.22990422364,78276.3853354165
10800.0,21,0.0004347530415475935,78276.3853354165,78242.35443881058
10800.0,22,0.0003455489277867129,78242.35443881058,78215.31787712674
10800.0,23,0.0002746739121525593,78215.31787712674,78193.83416977517
10800.0,24,0.00021835228843842798,78193.83416977517,78176.76036714243
10800.0,25,0.00017358965868660706,78176.76036714243,78163.18968999307
10800.0,26,0.0001380099522713021,78163.18968999307,78152.40239191458
10800.0,27,0.00010972692437693513,78152.40239191458,78143.82696916745
10800.0,28,8.724266231071565e-05,78143.82696916745,78137.00949365951
10900.0,1,0.06723023486324732,101325.0,94512.89645248147
10900.0,2,0.04481548005602696,94512.89645248147,90277.25562647794
10900.0,3,0.03298257686841082,90277.25562647794,87299.67910330846
10900.0,4,0.02502945896537061,87299.67910330846,85114.61536750218
10900.0,5,0.019300582613817646,85114.61536750218,83471.85370195839
10900.0,6,0.01502890009335527,83471.85370195839,82217.36355206449
10900.0,7,0.011778464436301086,82217.36355206449,81248.96925942006
10900.0,8,0.009272646153789223,81248.96925942006,80495.57631711736
10900.0,9,0.007323640750141753,80495.57631711736,79906.05563419517
10900.0,10,0.0057981667498694335,79906.05563419517,79442.74699930377
10900.0,11,0.004598716669917513,79442.74699930377,79077.41231437403
10900.0,12,0.0036524033642507223,79077.41231437403,78788.58970760077
10900.0,13,0.0029038869321460457,78788.58970760077,78559.79655154665
10900.0,14,0.0023106633003593664,78559.79655154665,78378.27131277129
10900.0,15,0.0018398036388756623,78378.27131277129,78234.07068400127
10900.0,16,0.0014656293310331909,78234.07068400127,78119.40853532068
10900.0,17,0.001168014651933196,78119.40853532068,78028.16392155107
10900.0,18,0.0009311245487467775,78028.16392155107,77955.50998263007
10900.0,19,0.0007424621799321979,77955.50998263007,77897.63096475064
10900.0,20,0.0005921418514588417,77897.63096475064,77851.50451732692
10900.0,21,0.0004723289148486624,77851.50451732692,77814.73300067891
10900.0,22,0.00037680514865847715,77814.73300067891,77785.41200864277
10900.0,23,0.00030062956560423425,77785.41200864277,77762.02741402027
10900.0,24,0.00023987248142799268,77762.02741402027,77743.3744435436
10900.0,25,0.0001914062632298314,77743.3744435436,77728.49387475048
10900.0,26,0.0001527402002481403,77728.49387475048,77716.62160903106
10900.0,27,0.00012188989343048077,77716.62160903106,77707.14873830536
10900.0,28,9.72737584201972e-05,77707.14873830536,77699.58987189147
11000.0,1,0.0675308969888879,101325.0,94482.43186260093
11000.0,2,0.0452217323128385,94482.43186260093,90209.77262064439
11000.0,3,0.03340327532385862,90209.77262064439,87196.47074889432
11000.0,4,0.025435318199819913,87196.47074889432,84978.60076949491
11000.0,5,0.019678412676460328,84978.60076949491,83306.35679488462
11000.0,6,0.015372931757249401,83306.35679488462,82025.69385693179
11000.0,7,0.012086921394195616,82025.69385693179,81034.2557429787
11000.0,8,0.009546023208982814,81034.2557429787,80260.70085693357
11000.0,9,0.007563725690490617,80260.70085693357,79653.6309319252
11000.0,10,0.006007446437979861,79653.6309319252,79175.11601051105
11000.0,11,0.004780004194268606,79175.11601051105,78796.6586238991
11000.0,12,0.003808601553973269,78796.6586238991,78496.55354741622
11000.0,13,0.0030378398122402617,78496.55354741622,78258.09359192623
11000.0,14,0.0024250657952061597,78258.09359192623,78068.3125659584
11000.0,15,0.0019371503763261429,78068.3125659584,77917.08250489211
11000.0,16,0.001548189752741574,77917.08250489211,77796.45207619452
11000.0,17,0.0012378256727259055,77796.45207619452,77700.15363056761
11000.0,18,0.0009899946820588997,77700.15363056761,77623.23089167819
11000.0,19,0.0007919828735547371,77623.23089167819,77561.754622222
11000.0,20,0.0006337030556721324,77561.754622222,77512.6035013146
11000.0,21,0.0005071368128276829,77512.6035013146,77473.29400662097
11000.0,22,0.0004059006304028318,77473.29400662097,77441.8475477443
11000.0,23,0.0003249064959491349,77441.8475477443,77416.68618841773
11000.0,24,0.00026009515076077036,77416.68618841773,77396.55048375216
11000.0,25,0.00020822565156516657,77396.55048375216,77380.43453659878
11000.0,26,0.0001667088569828829,77380.43453659878,77367.53453280435
11000.0,27,0.00013347535466948733,77367.53453280435,77357.20787369268
11000.0,28,0.00010687050511592485,77357.20787369268,77348.94066981286
11000.0,29,8.557090705331117e-05,77348.94066981286,77342.32185080013
11100.0,1,0.06791961675705846,101325.0,94443.04483209105
11100.0,2,0.0456978073337493,94443.04483209105,90127.2047653415
11100.0,3,0.03388234518696742,90127.2047653415,87073.48370274571
11100.0,4,0.02589079622856263,87073.48370274571,84819.08187928685
11100.0,5,0.020098791492993102,84819.08187928685,83114.32083796796
11100.0,6,0.015753639567879403,83114.32083796796,81804.96778455752
11100.0,7,0.012427093643132695,81804.96778455752,80788.36978942537
11100.0,8,0.009846878120830056,80788.36978942537,79992.85655852835
11100.0,9,0.007827641274318694,79992.85655852835,79366.70117288016
11100.0,10,0.00623740090000044,79366.70117288016,78871.65923955437
11100.0,11,0.0049792258764951415,78871.65923955437,78478.93943294667
11100.0,12,0.003980348291766528,78478.93943294667,78166.5659204351
11100.0,13,0.003185261797959802,78166.5659204351,77917.58494413103
11100.0,14,0.002551123736553813,77917.58494413103,77718.8075436851
11100.0,15,0.002044570726887158,77718.8075436851,77559.90594485271
11100.0,16,0.0016394448230189068,77559.90594485271,77432.75075857759
11100.0,17,0.0013151302699017761,77432.75075857759,77330.91660417322
11100.0,18,0.0010553134732665013,77330.91660417322,77249.30824598079
11100.0,19,0.0008470444100556096,77249.30824598079,77183.87465125037
11100.0,20,0.0006800176155051261,77183.87465125037,77131.38825685458
11100.0,21,0.0005460160871279927,77131.38825685458,77089.27327804382
11100.0,22,0.00043847790218725665,77089.27327804382,77055.47133521573
11100.0,23,0.00035215640977290187,77055.47133521573,77028.33575707696
11100.0,24,0.00028285249632171853,77028.33575707696,77006.54810002056
11100.0,25,0.00022720281689703905,77006.54810002056,76989.05199537272
11100.0,26,0.0001825117721767827,76989.05199537272,76975.00058705483
11100.0,27,0.0001466178622512695,76975.00058705483,76963.71467702197
11100.0,28,0.00011778717167680782,76963.71467702197,76954.64933874842
11100.0,29,9.462834211898549e-05,76954.64933874842,76947.36724786315
11200.0,1,0.0684865363426589,101325.0,94385.60170508009
11200.0,2,0.04631723051007807,94385.60170508009,90013.92203407348
11200.0,3,0.034481600457167305,90013.92203407348,86910.09793891195
11200.0,4,0.026448213589397744,86910.09793891195,84611.48110554813
11200.0,5,0.02060610751023041,84611.48110554813,82867.96782928737
11200.0,6,0.016208707764902866,82867.96782928737,81524.78515567108
11200.0,7,0.012830971133073838,81524.78515567108,80478.74299070862
11200.0,8,0.010202354467007709,80478.74299070862,79657.6703276582
11200.0,9,0.008138403748195857,79657.6703276582,79009.38404489103
11200.0,10,0.006507531768336773,79009.38404489103,78495.22796822219
11200.0,11,0.0052128919970085685,78495.22796822219,78086.04082254328
11200.0,12,0.0041816097104206106,78086.04082254328,77759.51547599143
11200.0,13,0.0033579570544354422,77759.51547599143,77498.40236244934
11200.0,14,0.002698805761730751,77498.40236244934,77289.24922762864
11200.0,15,0.002170476409116394,77289.24922762864,77121.49473550175
11200.0,16,0.0017464869044749617,77121.49473550175,76986.80305489266
11200.0,17,0.0014059038067159673,76986.80305489266,76878.5670154109
11200.0,18,0.0011321114712974259,76878.5670154109,76791.53190779584
11200.0,19,0.0009118788793423396,76791.53190779584,76721.50733173678
11200.0,20,0.0007346434299361881,76721.50733173678,76665.14438044072
11200.0,21,0.0005919558498975752,76665.14438044072,76619.76199974147
11200.0,22,0.0004770466019506385,76619.76199974147,76583.21080263723
11200.0,23,0.00038448507391693464,76583.21080263723,76553.76570117098
11200.0,24,0.0003099103508376699,76553.76570117098,76530.04089678459
11200.0,25,0.0002498176791810202,76530.04089678459,76510.92233958012
11200.0,26,0.00020138855610540973,76510.92233958012,76495.51391540386
11200.0,27,0.0001623551807679716,76495.51391540386,76483.09447241419
11200.0,28,0.0001308920931363699,76483.09447241419,76473.08344008915
11200.0,29,0.00010552940215225762,76473.08344008915,76465.01328131297
11200.0,30,8.508320820587554e-05,76465.01328131297,76458.5073926675
11300.0,1,0.06886371994782826,101325.0,94347.3835762863
11300.0,2,0.0467827650094425,94347.3835762863,89933.55210118117
11300.0,3,0.03495308610570863,89933.55210118117,86790.09691079635
11300.0,4,0.026899225775290657,86790.09691079635,84455.51049893348
11300.0,5,0.021024863704984263,84455.51049893348,82679.84490155854
11300.0,6,0.01659020895250601,82679.84490155854,81308.16899848089
11300.0,7,0.013173887700284522,81308.16899848089,80237.02431097915
11300.0,8,0.01050745553493462,80237.02431097915,79393.93734577607
11300.0,9,0.008407660046792753,79393.93734577607,78726.42011079642
11300.0,10,0.0067435672281087496,78726.42011079642,78195.52320415093
11300.0,11,0.005418636654937781,78195.52320415093,77771.81007586488
11300.0,12,0.004360077381588439,77771.81007586488,77432.71896582791
11300.0,13,0.0035121039516344556,77432.71896582791,77160.76720756222
11300.0,14,0.0028314431364306735,77160.76720756222,76942.29088285065
11300.0,15,0.002284219792241113,76942.29088285065,76766.53777915567
11300.0,16,0.0018437302539865957,76766.53777915567,76625.00099095843
11300.0,17,0.0014888105117432484,76625.00099095843,76510.92088402076
11300.0,18,0.0012026165788441862,76510.92088402076,76418.907582103
11300.0,19,0.0009716985647486639,76418.907582103,76344.65143928581
11300.0,20,0.0007852888938734451,76344.65143928581,76284.6988324039
11300.0,21,0.0006347496543008646,76284.6988324039,76236.27714619158
11300.0,22,0.0005131400566569302,76236.27714619158,76197.15725861747
11300.0,23,0.0004148757217240131,76197.15725861747,76165.54490800649
11300.0,24,0.0003354589163573263,76165.54490800649,76139.99449684788
11300.0,25,0.0002712640779016424,76139.99449684788,76119.34045144926
11300.0,26,0.00021936672671859356,76119.34045144926,76102.64240089445
11300.0,27,0.00017740662284908846,76102.64240089445,76089.14128811621
11300.0,28,0.0001434780757116972,76089.14128811621,76078.22416454164
11300.0,29,0.00011604186550882938,76078.22416454164,76069.39590548498
11300.0,30,9.385441866225959e-05,76069.39590548498,76062.25645655429
11400.0,1,0.06923444136587005,101325.0,94309.82022860322
11400.0,2,0.047242213748698164,94309.82022860322,89854.41554276225
11400.0,3,0.03541986769690512,89854.41554276225,86671.78403225487
11400.0,4,0.0273470350512336,86671.78403225487,84301.56771637185
11400.0,5,0.021441816525953537,84301.56771637185,82493.98896854716
11400.0,6,0.01697112294426178,82493.98896854716,81093.97333959937
11400.0,7,0.013517224585135615,81093.97333959937,79997.807889467
11400.0,8,0.010813777632270065,79997.807889467,79132.72938388125
11400.0,9,0.008678746747303847,79132.72938388125,78445.95646613561
11400.0,10,0.006981872980931172,78445.95646613561,77898.2567622214
11400.0,11,0.005626946181767687,77898.2567622214,77459.92746376686
11400.0,12,0.004541283285669613,77459.92746376686,77108.15998986647
11400.0,13,0.003669063920833914,77108.15998986647,76825.24522204576
11400.0,14,0.002966890442035034,76825.24522204576,76597.31313628948
11400.0,15,0.0024007100594386982,76597.31313628948,76413.42519611721
11400.0,16,0.0019436130625459824,76413.42519611721,76264.90706475216
11400.0,17,0.0015742179337124222,76264.90706475216,76144.84948033791
11400.0,18,0.0012754631129649014,76144.84948033791,76047.72953358348
11400.0,19,0.0010336885397881374,76047.72953358348,75969.1198670877
11400.0,20,0.0008379285457881179,75969.1198670877,75905.46317295267
11400.0,21,0.0006793618923918377,75905.46317295267,75853.89589384862
11400.0,22,0.0005508805206981707,75853.89589384862,75812.10946018163
11400.0,23,0.0004467491603803382,75812.10946018163,75778.24046393363
11400.0,24,0.0003623352304512853,75778.24046393363,75750.78333771194
11400.0,25,0.000293893601240814,75750.78333771194,75728.5206672
11400.0,26,0.00023839448382590022,75728.5206672,75710.46740560465
11400.0,27,0.00019338542276825044,75710.46740560465,75695.82610485743
11400.0,28,0.00015688038621074552,75695.82610485743,75683.95091442356
11400.0,29,0.00012727047083323638,75683.95091442356,75674.31858235617
11400.0,30,0.00010325190369588079,75674.31858235617,75666.50506490165
11400.0,31,8.376792136622634e-05,75666.50506490165,75660.16663905531
11500.0,1,0.06923850199418836,101325.0,94309.40878543886
11500.0,2,0.04740194855156509,94309.40878543886,89838.95904226297
11500.0,3,0.035635033873281007,89838.95904226297,86637.54469365162
11500.0,4,0.02758254328860518,86637.54469365162,84247.86086672051
11500.0,5,0.02167945141799888,84247.86086672051,82421.41345999012
11500.0,6,0.01720063866353686,82421.41345999012,81003.71250892685
11500.0,7,0.013732868943907548,81003.71250892685,79891.2991410718
11500.0,8,0.011012546262790234,79891.2991410718,79011.49251328633
11500.0,9,0.008859378290828848,79011.49251328633,78311.49981178813
11500.0,10,0.007144222532111201,78311.49981178813,77752.02503030933
11500.0,11,0.005771575478182562,77752.02503030933,77303.27334926536
11500.0,12,0.004669185257844745,77303.27334926536,76942.33004495983
11500.0,13,0.0037814751321367302,76942.33004495983,76651.37453728616
11500.0,14,0.0030651631449482124,76651.37453728616,76416.42556904485
11500.0,15,0.002486225658507064,76416.42556904485,76226.4370910637
11500.0,16,0.0020177247486110354,76226.4370910637,76072.63312244661
11500.0,17,0.0016382140090673745,76072.63312244661,75948.00986915878
11500.0,18,0.0013305449984690042,75948.00986915878,75846.9576244837
11500.0,19,0.0010809591416640234,75846.9576244837,75764.9701622721
11500.0,20,0.0008783878437530702,75764.9701622721,75698.41913349925
11500.0,21,0.0007139074606108202,75698.41913349925,75644.3774673234
11500.0,22,0.0005803113119998726,75644.3774673234,75600.48017938992
11500.0,23,0.000471771340609706,75600.48017938992,75564.81403950496
11500.0,24,0.00038356918845456754,75564.81403950496,75535.8297051081
11500.0,25,0.00031188151216344015,75535.8297051081,75512.27147631715
11500.0,26,0.00025360799118627074,75512.27147631715,75493.12096083813
11500.0,27,0.00020623314424012985,75493.12096083813,75477.55177713388
11500.0,28,0.00016771505102499803,75477.55177713388,75464.89305568633
11500.0,29,0.0001363955721090983,75464.89305568633,75454.59997842385
11500.0,30,0.00011092780341161831,75454.59997842385,75446.22996539094
11500.0,31,9.021738430975764e-05,75446.22996539094,75439.42340386743
11600.0,1,0.0695568439756945,101325.0,94277.15278416275
11600.0,2,0.04781617481191793,94277.15278416275,89769.17996586533
11600.0,3,0.036063874054928335,89769.17996586533,86531.75556556217
11600.0,4,0.027999144600499248,86531.75556556217,84108.94042894694
11600.0,5,0.02207119321667746,84108.94042894694,82252.55575348964
11600.0,6,0.017561555967054693,82252.55575348964,80808.07289219144
11600.0,7,0.014060660485295315,80808.07289219144,79671.85801478334
11600.0,8,0.011307064042806741,79671.85801478334,78771.00321380078
11600.0,9,0.009121759907038646,78771.00321380078,78052.47303484792
11600.0,10,0.007376355092299063,78052.47303484792,77476.73027791078
11600.0,11,0.005975750821490376,77476.73027791078,77013.74864330617
11600.0,12,0.004847874068203091,77013.74864330617,76640.39568836318
11600.0,13,0.0039371786715167055,76640.39568836318,76338.64875708235
11600.0,14,0.003200317297373263,76338.64875708235,76094.34085900696
11600.0,15,0.002603140904881872,76094.34085900696,75896.25656768685
11600.0,16,0.002118551045958482,75896.25656768685,75735.46647395105
11600.0,17,0.0017249229409181718,75735.46647395105,75604.82863038899
11600.0,18,0.001404923809481316,75604.82863038899,75498.6096065344
11600.0,19,0.001144612808350732,75498.6096065344,75412.19293096609
11600.0,20,0.0009327464158146928,75412.19293096609,75341.852478301
11600.0,21,0.0007602366833940266,75341.852478301,75284.57483825214
11600.0,22,0.0006197251052868633,75284.57483825214,75237.91909718403
11600.0,23,0.0005052451234334155,75237.91909718403,75199.9055054629
11600.0,24,0.00041195334537086234,75199.9055054629,75168.92665281835
11600.0,25,0.00033591452232090466,75168.92665281835,75143.6763187284
11600.0,26,0.00027392890787083455,75143.6763187284,75123.092293541
11600.0,27,0.00022339323458510504,75123.092293541,75106.31030296152
11600.0,28,0.00018218849368055123,75106.31030296152,75092.62679742152
11600.0,29,0.00014858917378417357,75092.62679742152,75081.4688460484
11600.0,30,0.0001211897390631815,75081.4688460484,75072.36974243047
11600.0,31,9.884499553272671e-05,75072.36974243047,75064.94921437865
11700.0,1,0.06969191786756718,101325.0,94263.46642206876
11700.0,2,0.04807934514289737,94263.46642206876,89731.3406855962
11700.0,3,0.036365400205643654,89731.3406855962,86468.22457057553
11700.0,4,0.028308098631878307,86468.22457057553,84020.47354090828
11700.0,5,0.0223719342849459,84020.47354090828,82140.77302826104
11700.0,6,0.01784565168643286,82140.77302826104,80674.91740354436
11700.0,7,0.014323722807336608,80674.91740354436,79519.35224915121
11700.0,8,0.011547156804689753,79519.35224915121,78601.1298197229
11700.0,9,0.009338481646837635,78601.1298197229,77867.11461148072
11700.0,10,0.007570267523535846,77867.11461148072,77277.63972258598
11700.0,11,0.006148005824043115,77277.63972258598,76802.53634350322
11700.0,12,0.004999963943253407,76802.53634350322,76418.5264310353
11700.0,13,0.004070767109888768,76418.5264310353,76107.44440705367
11700.0,14,0.003317125117296552,76107.44440705367,75854.98649159778
11700.0,15,0.002704869819530049,75854.98649159778,75649.8086279758
11700.0,16,0.002206834196242549,75649.8086279758,75482.86204335638
11700.0,17,0.0018012943764935238,75482.86204335638,75346.89518843604
11700.0,18,0.0014708013731478356,75346.89518843604,75236.07487153047
11700.0,19,0.0012012904319868875,75236.07487153047,75145.69449464705
11700.0,20,0.000981392927420104,75145.69449464705,75071.94704154393
11700.0,21,0.0008018990089054105,75071.94704154393,75011.74692161471
11700.0,22,0.0006553343211221137,75011.74692161471,74962.58914936965
11700.0,23,0.0005356242380181451,74962.58914936965,74922.43736967666
11700.0,24,0.0004378260019952639,74922.43736967666,74889.63437846335
11700.0,25,0.0003579140499019044,74889.63437846335,74862.83032612728
11700.0,26,0.00029260732113649615,74862.83032612728,74840.92491389286
11700.0,27,0.00023922991534732589,74840.92491389286,74823.02072576119
11700.0,28,0.00019559838121942282,74823.02072576119,74808.38546402928
11700.0,29,0.00015993036303130429,74808.38546402928,74796.42133178424
11700.0,30,0.0001307704363916942,74796.42133178424,74786.64017112614
11700.0,31,0.00010692981827392498,74786.64017112614,74778.64324928333
11700.0,32,8.743730232296793e-05,74778.64324928333,74772.10480644624
11800.0,1,0.0697812739389652,101325.0,94254.41241813435
11800.0,2,0.04830335435077422,94254.41241813435,89701.60813597719
11800.0,3,0.036633489395638846,89701.60813597719,86415.52522555612
11800.0,4,0.02858871238364323,86415.52522555612,83945.01662940123
11800.0,5,0.022648832140487865,83945.01662940123,82043.76003873146
11800.0,6,0.018109832641101775,82043.76003873146,80557.96127518332
11800.0,7,0.014570270369530404,80557.96127518332,79384.20999898574
11800.0,8,0.011773652616281674,79384.20999898574,78449.56788723973
11800.0,9,0.009544090923424633,78449.56788723973,77700.83807842054
11800.0,10,0.007755167520281367,77700.83807842054,77098.25506265613
11800.0,11,0.00631301101604937,77098.25506265613,76611.5329291274
11800.0,12,0.00514627333054884,76611.5329291274,76217.26904040176
11800.0,13,0.0041997915864280515,76217.26904040176,75897.17239514536
11800.0,14,0.003430369308886223,75897.17239514536,75636.8170643298
11800.0,15,0.0028038518931706386,75636.8170643298,75424.74263161058
11800.0,16,0.002293032538748183,75424.74263161058,75251.7912425296
11800.0,17,0.0018761134298175225,75251.7912425296,75110.61034636166
11800.0,18,0.0015355511442500039,75110.61034636166,74995.27416269899
11800.0,19,0.0012571757177378213,74995.27416269899,74900.99192507655
11800.0,20,0.0010295093656213965,74900.99192507655,74823.88065239535
11800.0,21,0.0008432338357070119,74823.88065239535,74760.78662451035
11800.0,22,0.0006907702777552531,74760.78662451035,74709.14409516854
11800.0,23,0.0005659454857236363,74709.14409516854,74666.8627923256
11800.0,24,0.0004637252145900083,74666.8627923256,74632.23788535447
11800.0,25,0.00038000008597306804,74632.23788535447,74603.87762854167
11800.0,26,0.0003114130524454054,74603.87762854167,74580.6450072851
11800.0,27,0.00025521991884205447,74580.6450072851,74561.61054111915
11800.0,28,0.00020917629963628244,74561.61054111915,74546.01401933124
11800.0,29,0.00017144581151737432,74546.01401933124,74533.23341746231
11800.0,30,0.0001405253854583835,74533.23341746231,74522.75960610686
11800.0,31,0.000115184421766617,74522.75960610686,74514.17574513318
11800.0,32,9.441516623436918e-05,74514.17574513318,74507.14047684339
11900.0,1,0.06951755149237288,101325.0,94281.13409503532
11900.0,2,0.048235520056703174,94281.13409503532,89733.43456042552
11900.0,3,0.03665401615087344,89733.43456042552,86444.34380077434
11900.0,4,0.028658257035999682,86444.34380077434,83966.99957682342
11900.0,5,0.022745555060606947,83966.99957682342,82057.12356467482
11900.0,6,0.01822024040661639,82057.12356467482,80562.02304625102
11900.0,7,0.014685684573483793,80562.02304625102,79378.91458719205
11900.0,8,0.011888445797874974,79378.91458719205,78435.22266362807
11900.0,9,0.009654668307244783,78435.22266362807,77677.95660520585
11900.0,10,0.00785932476674092,77677.95660520585,77067.46031702873
11900.0,11,0.006409505732448151,77067.46031702873,76573.49598834151
11900.0,12,0.005234528810263713,76573.49598834151,76172.66981748793
11900.0,13,0.004279687398049491,76172.66981748793,75846.67460239424
11900.0,14,0.0035020914058561618,75846.67460239424,75581.05261510643
11900.0,15,0.00286778474622528,75581.05261510643,75364.30242531317
11900.0,16,0.0023496815476064933,75364.30242531317,75187.22031455618
11900.0,17,0.0019260494448666606,75187.22031455618,75042.40601060826
11900.0,18,0.001579371260418154,75042.40601060826,74923.88619124248
11900.0,19,0.0012954760859372587,74923.88619124248,74826.82408841624
11900.0,20,0.0010628668768384044,74826.82408841624,74747.29313559365
11900.0,21,0.0008721943311354042,74747.29313559365,74682.09897025306
11900.0,22,0.0007158415235967095,74682.09897025306,74628.6384227408
11900.0,23,0.0005875935872925694,74628.6384227408,74584.78711337522
11900.0,24,0.00048237347226949876,74584.78711337522,74548.80939063686
11900.0,25,0.0003960295443156964,74548.80939063686,74519.28585962461
11900.0,26,0.000325164183276846,74519.28585962461,74495.05485689969
11900.0,27,0.00026699502390605657,74495.05485689969,74475.16504794729
11900.0,28,0.00021924232889073444,74475.16504794729,74458.83693931765
11900.0,29,0.0001800373773392515,74458.83693931765,74445.43156559537
11900.0,30,0.0001478478171463057,74445.43156559537,74434.42497104188
11900.0,31,0.00012141675294371148,74434.42497104188,74425.38738485466
11900.0,32,9.971298408343691e-05,74425.38738485466,74417.96620738695
12000.0,1,0.06947530502833497,101325.0,94285.41471800396
12000.0,2,0.048347168536537595,94285.41471800396,89726.98188209528
12000.0,3,0.036825519954119236,89726.98188209528,86422.73912037328
12000.0,4,0.028856071736031975,86422.73912037328,83928.91836069142
12000.0,5,0.022951750785925183,83928.91836069142,82002.60274274457
12000.0,6,0.018424299462288646,82002.60274274457,80491.76223312515
12000.0,7,0.014881318627433426,80491.76223312515,79293.9386724504
12000.0,8,0.012072000955004445,79293.9386724504,78336.70216907052
12000.0,9,0.009824204986985075,78336.70216907052,77567.10634895717
12000.0,10,0.00801403980136156,77567.10634895717,76945.48047140018
12000.0,11,0.006549349810788538,76945.48047140018,76441.53760343378
12000.0,12,0.005359944976098755,76441.53760343378,76031.815167991
12000.0,13,0.004391429010463943,76031.815167991,75697.92684914405
12000.0,14,0.0036010943946406205,75697.92684914405,75425.33146908168
12000.0,15,0.0029550779988085606,75425.33146908168,75202.44373150455
12000.0,16,0.0024263245643313274,75202.44373150455,75019.97819498106
12000.0,17,0.001993089707978069,75019.97819498106,74870.4566485479
12000.0,18,0.001637815928353038,74870.4566485479,74747.83262208584
12000.0,19,0.0013462740991044431,74747.83262208584,74647.20155106254
12000.0,20,0.0011068985959680486,74647.20155106254,74564.57466847272
12000.0,21,0.0009102665737472652,74564.57466847272,74496.70102856633
12000.0,22,0.000748686409547825,74496.70102856633,74440.92636095009
12000.0,23,0.0006158700095993951,74440.92636095009,74395.08042691759
12000.0,24,0.0005066703136148356,74395.08042691759,74357.38664818628
12000.0,25,0.0004168699892803442,74357.38664818628,74326.38928521133
12000.0,26,0.0003430106506181361,74326.38928521133,74300.89454206452
12000.0,27,0.00028225437526175506,74300.89454206452,74279.92278949416
12000.0,28,0.00023227111054489527,74279.92278949416,74262.66970933665
12000.0,29,0.00019114692724815142,74262.66970933665,74248.47462821247
12000.0,30,0.00015730912613776712,74248.47462821247,74236.79466555164
12000.0,31,0.0001294650112966923,74236.79466555164,74227.18359809164
12000.0,32,0.00010655177555814612,74227.18359809164,74219.27455988458
12000.0,33,8.769544045691726e-05,74219.27455988458,74212.76586791166
12100.0,1,0.06934689599345766,101325.0,94298.4257634629
12100.0,2,0.048385728556122776,94298.4257634629,89735.72773120229
12100.0,3,0.03693422602813244,89735.72773120229,86421.40808037911
12100.0,4,0.028999940017084877,86421.40808037911,83915.1924298561
12100.0,5,0.023111705986965495,83915.1924298561,81975.76917457764
12100.0,6,0.018588833890094362,81975.76917457764,80451.9352183787
12100.0,7,0.015043268609961453,80451.9352183787,79241.67514669741
12100.0,8,0.012226935058952003,79241.67514669741,78272.79233071617
12100.0,9,0.009969494107973086,78272.79233071617,77492.4521887605
12100.0,10,0.00814827166489393,77492.4521887605,76861.02263634767
12100.0,11,0.006671939495957568,76861.02263634767,76348.21054372053
12100.0,12,0.005470866746827253,76348.21054372053,75930.51965747713
12100.0,13,0.004491027802331689,75930.51965747713,75589.5135826499
12100.0,14,0.0036899518423237814,75589.5135826499,75310.59191774525
12100.0,15,0.003033916912337574,75310.59191774525,75082.10583924784
12100.0,16,0.0024959410512040052,75082.10583924784,74894.70532907282
12100.0,17,0.00205430542625415,74894.70532907282,74740.8487295176
12100.0,18,0.001691445102550452,74740.8487295176,74614.4286869736
12100.0,19,0.0013931013884787434,74614.4286869736,74510.48322276922
12100.0,20,0.0011476649271738122,74510.48322276922,74424.97015446768
12100.0,21,0.0009456607849563537,74424.97015446768,74354.58937877105
12100.0,22,0.0007793410924147517,74354.58937877105,74296.64179185855
12100.0,23,0.0006423603369244575,74296.64179185855,74248.91657600478
12100.0,24,0.0005295149426739676,74248.91657600478,74209.60066520043
12100.0,25,0.0004365333601258837,74209.60066520043,74177.20569886845
12100.0,26,0.0003599061731329628,74177.20569886845,74150.50886463167
12100.0,27,0.0002967481321710148,74150.50886463167,74128.50483962656
12100.0,28,0.00024468580554451463,74128.50483962656,74110.36664670607
12100.0,29,0.00020176588475101224,74110.36664670607,74095.41370301037
12100.0,30,0.00016638020830780955,74095.41370301037,74083.08569264381
12100.0,31,0.00013720436218595848,74083.08569264381,74072.92117012259
12100.0,32,0.00011314733546988275,74072.92117012259,74064.54001646172
12100.0,33,9.331019815979814e-05,74064.54001646172,74057.62903955617
12200.0,1,0.06896220355655122,101325.0,94337.40472463245
12200.0,2,0.04821057083710913,94337.40472463245,89789.34459156652
12200.0,3,0.03686032282831386,89789.34459156652,86479.68036337866
12200.0,4,0.028987055101163554,86479.68036337866,83972.8891035544
12200.0,5,0.02313696903040481,83972.8891035544,82030.01096897184
12200.0,6,0.018637670111577728,82030.01096897184,80501.16268528304
12200.0,7,0.015105925319399239,80501.16268528304,79285.11813363434
12200.0,8,0.012296754203577032,79285.11813363434,78310.16852394347
12200.0,9,0.010041916130277311,78310.16852394347,77523.78437947815
12200.0,10,0.008220205383645512,77523.78437947815,76886.52294976139
12200.0,11,0.006741338876819934,76886.52294976139,76368.20484349666
12200.0,12,0.005536435230562805,76368.20484349666,75945.39722370628
12200.0,13,0.004552006384637297,75945.39722370628,75599.69329066016
12200.0,14,0.0037459647037393464,75599.69329066016,75316.49950797982
12200.0,15,0.0030848579080574976,75316.49950797982,75084.15880886542
12200.0,16,0.0025418898912326427,75084.15880886542,74893.30314459746
12200.0,17,0.0020954657787718976,74893.30314459746,74736.36679079877
12200.0,18,0.0017280990588829917,74736.36679079877,74607.21494568326
12200.0,19,0.001425576217891676,74607.21494568326,74500.85667437356
12200.0,20,0.001176309091533034,74500.85667437356,74413.22063934049
12200.0,21,0.0009708269318371408,74413.22063934049,74340.97828065908
12200.0,22,0.0008013742949193276,74340.97828065908,74281.4033316058
12200.0,23,0.0006615902590359601,74281.4033316058,74232.2594787341
12200.0,24,0.0005462509197328128,74232.2594787341,74191.71003871999
12200.0,25,0.0004510616211825102,74191.71003871999,74158.24500571162
12200.0,26,0.0003724886144923012,74158.24500571162,74130.62190377626
12200.0,27,0.00030762219232386963,74130.62190377626,74107.81767934789
12200.0,28,0.00025406510060610986,74107.81767934789,74088.98946919349
12200.0,29,0.00020984134826354794,74088.98946919349,74073.44253575179
12200.0,30,0.0001733215442079853,74073.44253575179,74060.60401230669
12200.0,31,0.00014316167052619335,74060.60401230669,74050.00137251611
12200.0,32,0.00011825280905749836,74050.00137251611,74041.2447518431
12200.0,33,9.767981787149028e-05,74041.2447518431,74034.01241654076
12300.0,1,0.06858143832178872,101325.0,94375.98576204476
12300.0,2,0.04803588514488413,94375.98576204476,89842.55174954396
12300.0,3,0.03678548175957897,89842.55174954396,86537.65020092708
12300.0,4,0.028972572547112576,86537.65020092708,84030.43185242407
12300.0,5,0.02316037752993181,84030.43185242407,82084.25532671872
12300.0,6,0.018684627774681977,82084.25532671872,80550.54156977702
12300.0,7,0.01516681382030711,80550.54156977702,79328.8465026633
12300.0,8,0.012364988511892992,79328.8465026633,78347.94622699615
12300.0,9,0.010112970473417492,78347.94622699615,77555.61576014964
12300.0,10,0.008290997262088878,77555.61576014964,76912.60236222262
12300.0,11,0.006809815233097659,76912.60236222262,76388.84175103917
12300.0,12,0.005601283141338666,76388.84175103917,75960.96621955269
12300.0,13,0.00461244546524923,75960.96621955269,75610.60040537736
12300.0,14,0.0038015956528497717,75610.60040537736,75323.15947556692
12300.0,15,0.0031355509219509014,75323.15947556692,75086.97987342905
12300.0,16,0.0025877020687418584,75086.97987342905,74892.677140275
12300.0,17,0.0021365799560943274,74892.677140275,74732.66294743885
12300.0,18,0.0017647786609833464,74732.66294743885,74600.77633859075
12300.0,19,0.0014581321626538455,74600.77633859075,74491.9985472525
12300.0,20,0.0012050757950187595,74491.9985472525,74402.23004288063
12300.0,21,0.000996145189956846,74402.23004288063,74328.11461930136
12300.0,22,0.0008235793506493682,74328.11461930136,74266.8995189282
12300.0,23,0.0006810037630464844,74266.8995189282,74216.32348088601
12300.0,24,0.0005631757940362164,74216.32348088601,74174.52664397922
12300.0,25,0.000465779066291626,74174.52664397922,74139.97770221636
12300.0,26,0.0003852566781943629,74139.97770221636,74111.4147806854
12300.0,27,0.0003186754555611455,74111.4147806854,74087.79729181789
12300.0,28,0.0002636151425218842,74087.79729181789,74068.26662657567
12300.0,29,0.00021807773511202646,74068.26662657567,74052.11398674607
12300.0,30,0.00018041315114183034,74052.11398674607,74038.75401151301
12300.0,31,0.00014925819462107537,74038.75401151301,74027.70312075726
12300.0,32,0.00012348637048455394,74027.70312075726,74018.56170838357
12300.0,33,0.00010216657540465872,74018.56170838357,74010.99948541744
12300.0,34,8.452906419226526e-05,74010.99948541744,74004.743404891
12400.0,1,0.06816353329954082,101325.0,94418.32998842403
12400.0,2,0.047827792781685155,94418.32998842403,89902.50966694491
12400.0,3,0.036680868789732014,89902.50966694491,86604.80750598409
12400.0,4,0.028931764737058156,86604.80750598409,84099.17759012275
12400.0,5,0.02316066205532105,84099.17759012275,82151.38495882749
12400.0,6,0.018711390188519778,82151.38495882749,80614.21834033557
12400.0,7,0.015210155018283314,80614.21834033557,79388.06358270133
12400.0,8,0.01241804671461584,79388.06358270133,78402.21890054845
12400.0,9,0.010170955017788997,78402.21890054845,77604.79345881613
12400.0,10,0.008350577405272851,77604.79345881613,76956.74862401807
12400.0,11,0.006868708983116619,76956.74862401807,76428.15511343283
12400.0,12,0.00565796912067379,76428.15511343283,75995.72697185096
12400.0,13,0.004665955454382547,75995.72697185096,75641.13429507689
12400.0,14,0.0038513625743528384,75641.13429507689,75349.81286137123
12400.0,15,0.003181296238132379,75349.81286137123,75110.10278517137
12400.0,16,0.0026293518915519363,75110.10278517137,74912.61189433852
12400.0,17,0.002174202437289859,74912.61189433852,74749.7367109741
12400.0,18,0.0017985373414749117,74749.7367109741,74615.296518234
12400.0,19,0.0014882513817603851,74615.296518234,74504.25020009028
12400.0,20,0.001231815252113079,74504.25020009028,74412.47472834655
12400.0,21,0.0010197814626153115,74412.47472834655,74336.59026603126
12400.0,22,0.000844392695681959,74336.59026603126,74273.82099218872
12400.0,23,0.0006992689172206887,74273.82099218872,74221.88361780567
12400.0,24,0.0005791557871786104,74221.88361780567,74178.89758437312
12400.0,25,0.0004797212858549839,74178.89758437312,74143.31238824064
12400.0,26,0.00039739059914743795,74143.31238824064,74113.8485329079
12400.0,27,0.00032921158505111876,74113.8485329079,74089.44939535814
12400.0,28,0.0002727448340641529,74089.44939535814,74069.2418807769
12400.0,29,0.00022597360929840332,74069.2418807769,74052.5041868511
12400.0,30,0.00018722992376059736,74052.5041868511,74038.63934213792
12400.0,31,0.00015513376293858214,74038.63934213792,74027.15344941392
12400.0,32,0.0001285430469868843,74027.15344941392,74017.63777354977
12400.0,33,0.00010651238829215498,74017.63777354977,74009.75397817476
12400.0,34,8.825906661285133e-05,74009.75397817476,74003.2219463684
12500.0,1,0.06808870720162286,101325.0,94425.91174279556
12500.0,2,0.047900945314348305,94425.91174279556,89902.82130814643
12500.0,3,0.03681480090310452,89902.82130814643,86593.06684105964
12500.0,4,0.029095065679751647,86593.06684105964,84073.63587390789
12500.0,5,0.023336248736609472,84073.63587390789,82111.67259496324
12500.0,6,0.018888984405647128,82111.67259496324,80560.66649179537
12500.0,7,0.015383382473007719,80560.66649179537,79321.37094687167
12500.0,8,0.012582989630753355,79321.37094687167,78323.27095875004
12500.0,9,0.010325318266038741,78323.27095875004,77514.55825846376
12500.0,10,0.008493163651789327,77514.55825846376,76856.21442977847
12500.0,11,0.006999069264045877,76856.21442977847,76318.29246161209
12500.0,12,0.005776161770233382,76318.29246161209,75877.46565832583
12500.0,13,0.004772376117841818,75877.46565832583,75515.34985333568
12500.0,14,0.00394662290583026,75515.34985333568,75217.31924386272
12500.0,15,0.0032661369696117726,75217.31924386272,74971.64917672524
12500.0,16,0.0027045806811463674,74971.64917672524,74768.88230272819
12500.0,17,0.0022406498295996706,74768.88230272819,74601.35141933722
12500.0,18,0.0018570260754523953,74601.35141933722,74462.81476448753
12500.0,19,0.0015395755698081465,74462.81476448753,74348.17363401697
12500.0,20,0.0012767268558902234,74348.17363401697,74253.25132405203
12500.0,21,0.0010589821387146647,74253.25132405203,74174.61845715837
12500.0,22,0.0008785295595993985,74174.61845715837,74109.45386227175
12500.0,23,0.000728933128344648,74109.45386227175,74055.43302622801
12500.0,24,0.0006048831247695886,74055.43302622801,74010.63814449294
12500.0,25,0.0005019940897063639,74010.63814449294,73973.48524156901
12500.0,26,0.00041664060432463143,73973.48524156901,73942.66488397396
12500.0,27,0.0003458233000220256,73942.66488397396,73917.09378759137
12500.0,28,0.0002870592036407075,73917.09378759137,73895.87520551326
12500.0,29,0.00023829177465561235,73895.87520551326,73878.26642627081
12500.0,30,0.0001978169460924642,73878.26642627081,73863.65205322376
12500.0,31,0.00016422221872834387,73863.65205322376,73851.5220004002
12500.0,32,0.00013633643423933533,73851.5220004002,73841.45334722752
12500.0,33,0.00011318830662232886,73841.45334722752,73833.09535816462
12500.0,34,9.39721515970175e-05,73833.09535816462,73826.15710333474
12600.0,1,0.06784635332825771,101325.0,94450.46824901429
12600.0,2,0.047833262531423656,94450.46824901429,89932.5942050433
12600.0,3,0.03682768493103922,89932.5942050433,86620.58496062896
12600.0,4,0.029153919503761633,86620.58496062896,84095.25539931803
12600.0,5,0.023421662411801863,84095.25539931803,82125.60471692095
12600.0,6,0.018988778946801968,82125.60471692095,80566.1397630789
12600.0,7,0.015489563042223481,80566.1397630789,79318.2054621501
12600.0,8,0.012690232044964715,79318.2054621501,78311.63902944523
12600.0,9,0.010430097911854348,78311.63902944523,77494.84096673032
12600.0,10,0.0085932057463228,77494.84096673032,76828.91185402464
12600.0,11,0.007092980535489404,76828.91185402464,76283.96587768121
12600.0,12,0.0058631738203968435,76283.96587768121,75836.69972603115
12600.0,13,0.004852161994937167,75836.69972603115,75468.72777379904
12600.0,14,0.004019163909981586,75468.72777379904,75165.40658679836
12600.0,15,0.003331625079213302,75165.40658679836,74914.98363312452
12600.0,16,0.002763346837894446,74914.98363312452,74707.96754999101
12600.0,17,0.00229311130338913,74707.96754999101,74536.6538651489
12600.0,18,0.0019036480599615713,74536.6538651489,74394.76230862248
12600.0,19,0.0015808434606421323,74394.76230862248,74277.15583512087
12600.0,20,0.0013131265708716036,74277.15583512087,74179.620528185
12600.0,21,0.0010909864912688034,74179.620528185,74098.6915642613
12600.0,22,0.0009065891740464493,74098.6915642613,74031.51449267814
12600.0,23,0.0007534707427242729,74031.51449267814,73975.73391246833
12600.0,24,0.0006262903971185537,73975.73391246833,73929.40362069916
12600.0,25,0.0005206302300281756,73929.40362069916,73890.91373828627
12600.0,26,0.0004328323139458105,73890.91373828627,73858.93136311336
12600.0,27,0.0003598656228915511,73858.93136311336,73832.35207277226
12600.0,28,0.00029921699001296645,73832.35207277226,73810.26017861947
12600.0,29,0.00024880153177856085,73810.26017861947,73791.89607282606
12600.0,30,0.00020688890820107905,73791.89607282606,73776.62934801346
12600.0,31,0.00017204251339194757,73776.62934801346,73763.93663127084
12600.0,32,0.00014306925653424142,73763.93663127084,73753.38327969797
12600.0,33,0.00011897803910715863,73753.38327969797,73744.60824677783
12600.0,34,9.894538826871431e-05,73744.60824677783,73737.31155788213
12700.0,1,0.06760691466801108,101325.0,94474.72937126378
12700.0,2,0.047765711941814976,94474.72937126378,89962.07666233506
12700.0,3,0.03683964649889642,89962.07666233506,86647.90555978802
12700.0,4,0.029211412626708823,86647.90555978802,84116.79783724096
12700.0,5,0.023505597803331175,84116.79783724096,82139.58221877465
12700.0,6,0.01908715553102311,82139.58221877465,80571.77123771164
12700.0,7,0.01559448249419581,80571.77123771164,79315.2961616188
12700.0,8,0.012796416968450661,79315.2961616188,78300.34455995857
12700.0,9,0.010534039394389095,78300.34455995857,77475.52564576973
12700.0,10,0.008692625411427976,77475.52564576973,76802.05992277757
12700.0,11,0.007186469973853794,76802.05992277757,76250.1242252124
12700.0,12,0.0059499431337055216,76250.1242252124,75796.44032213441
12700.0,13,0.0049318598368204855,75796.44032213441,75422.62290233572
12700.0,14,0.004091746583642085,75422.62290233572,75114.01264274576
12700.0,15,0.0033972604362832305,75114.01264274576,74858.83077938408
12700.0,16,0.002822343461064038,74858.83077938408,74647.55344783099
12700.0,17,0.0023458663670690135,74647.55344783099,74472.44026281373
12700.0,18,0.0019506091436781554,74472.44026281373,74327.17363988506
12700.0,19,0.00162248085667467,74327.17363988506,74206.57922352361
12700.0,20,0.0013499135105838611,74206.57922352361,74106.40675965557
12700.0,21,0.0011233853479980394,74106.40675965557,74023.15670810899
12700.0,22,0.0009350421649144401,74023.15670810899,73953.94193540684
12700.0,23,0.0007783939987744586,73953.94193540684,73896.3766308186
12700.0,24,0.0006480705338824898,73896.3766308186,73848.48656656349
12700.0,25,0.0005396227518990093,73848.48656656349,73808.63624301886
12700.0,26,0.0004493613406916903,73808.63624301886,73775.46949528207
12700.0,27,0.00037422454709413214,73775.46949528207,73747.86090362354
12700.0,28,0.00031166976761083615,73747.86090362354,73724.87592495391
12700.0,29,0.0002595843807684526,73724.87592495391,73705.7380986897
12700.0,30,0.00021621224727824256,73705.7380986897,73689.80201541808
12700.0,31,0.0001800930163637318,73689.80201541808,73676.53099669788
12700.0,32,0.00015001193232282213,73676.53099669788,73665.47863791623
12700.0,33,0.0001249582736084107,73665.47863791623,73656.2735268811
12700.0,34,0.00010409090432100041,73656.2735268811,73648.60657876077
12700.0,35,8.670969669572269e-05,73648.60657876077,73642.22053042226
12800.0,1,0.06720511240095418,101325.0,94515.44198597332
12800.0,2,0.0475610300045978,94515.44198597332,90020.19021378062
12800.0,3,0.03673320063676826,90020.19021378062,86713.46050529777
12800.0,4,0.02916625204555446,86713.46050529777,84184.35386045802
12800.0,5,0.02350047443595599,84184.35386045802,82205.98160465286
12800.0,6,0.019108306349678722,82205.98160465286,80635.1645243751
12800.0,7,0.015632504875744396,80635.1645243751,79374.63492179135
12800.0,8,0.012844724395450648,79374.63492179135,78355.08961223143
12800.0,9,0.010587974429384077,78355.08961223143,77525.46792700503
12800.0,10,0.008748899055508961,77525.46792700503,76847.20543388056
12800.0,11,0.007242784138873534,76847.20543388056,76290.6177132473
12800.0,12,0.006004725353655123,76290.6177132473,75832.51350681855
12800.0,13,0.004984071419554313,75832.51350681855,75454.55884357625
12800.0,14,0.0041407411957990106,75454.55884357625,75142.12104336181
12800.0,15,0.00344267857685437,75142.12104336181,74883.43087302643
12800.0,16,0.0028640331463030107,74883.43087302643,74668.9622448972
12800.0,17,0.0023838233207863846,74668.9622448972,74490.96463135889
12800.0,18,0.0019849316955476,74490.96463135889,74343.10515463019
12800.0,19,0.001653336030493927,74343.10515463019,74220.19102025924
12800.0,20,0.0013775116736473435,74220.19102025924,74117.9518407085
12800.0,21,0.0011479614289181923,74117.9518407085,74032.86729080495
12800.0,22,0.0009568419138635174,74032.86729080495,73962.02954037761
12800.0,23,0.0007976641128388212,73962.02954037761,73903.03268370053
12800.0,24,0.0006650517349355416,73903.03268370053,73853.88334359723
12800.0,25,0.0005545451075678513,73853.88334359723,73812.92803391416
12800.0,26,0.00046244127665047815,73812.92803391416,73778.79388924084
12800.0,27,0.00038566312157090814,73778.79388924084,73750.34012928378
12800.0,28,0.0003216518752982952,73750.34012928378,73726.61819407731
12800.0,29,0.00026827862879552687,73726.61819407731,73706.83891804247
12800.0,30,0.00022377130535695825,73706.83891804247,73690.34544248405
12800.0,31,0.00018665428977473786,73690.34544248405,73676.59082339222
12800.0,32,0.00015569844328164887,73676.59082339222,73665.11949289472
12800.0,33,0.00012987966498820725,73665.11949289472,73655.55189185367
12800.0,34,0.000108344502246169,73655.55189185367,73647.57171774628
12800.0,35,9.038158593669623e-05,73647.57171774628,73640.91533341404
12900.0,1,0.06680822856271541,101325.0,94555.65624088286
12900.0,2,0.04735796179134965,94555.65624088286,90077.69308547114
12900.0,3,0.03662689581080186,90077.69308547114,86778.4268059522
12900.0,4,0.029120445580185395,86778.4268059522,84251.40035061537
12900.0,5,0.023494299664947288,84251.40035061537,82271.97270358657
12900.0,6,0.019128232146609404,82271.97270358657,80698.25531055285
12900.0,7,0.0156692726394433,80698.25531055285,79433.7723465644
12900.0,8,0.012891835612194463,79433.7723465644,78409.72521141601
12900.0,9,0.010640822609418784,78409.72521141601,77575.38123458806
12900.0,10,0.008804221325710461,77575.38123458806,76892.39040877238
12900.0,11,0.0072982919831524554,76892.39040877238,76331.2072922866
12900.0,12,0.00605884505547289,76331.2072922866,75868.72833440546
12900.0,13,0.005035756231718073,75868.72833440546,75486.67191290295
12900.0,14,0.004189332746028076,75486.67191290295,75170.43312636955
12900.0,15,0.0034878033069573157,75170.43312636955,74908.25344112598
12900.0,16,0.002905524345120358,74908.25344112598,74690.60568710235
12900.0,17,0.002421662214449854,74690.60568710235,74509.73026953552
12900.0,18,0.0020192029210954533,74509.73026953552,74359.28000452524
12900.0,19,0.0016841940658881849,74359.28000452524,74234.0445463979
12900.0,20,0.001405155662815146,74234.0445463979,74129.73415832985
12900.0,21,0.0011726164594372764,74129.73415832985,74042.80841192209
12900.0,22,0.0009787452585080648,74042.80841192209,73970.3393642623
12900.0,23,0.0008170552851852203,73970.3393642623,73909.90150753778
12900.0,24,0.0006821654664448665,73909.90150753778,73859.482725101
12900.0,25,0.0005696065513893249,73859.482725101,73817.41187985856
12900.0,26,0.000475662896418354,73817.41187985856,73782.29967591767
12900.0,27,0.00039724284324258585,73782.29967591767,73752.99018541344
12900.0,28,0.000331772173860093,73752.99018541344,73728.52099553094
12900.0,29,0.0002771062953786956,73728.52099553094,73708.09035821412
12900.0,30,0.0002314576984561782,73708.09035821412,73691.0300532622
12900.0,31,0.00019333592003032421,73691.0300532622,73676.78293016888
12900.0,32,0.00016149777722719697,73676.78293016888,73664.8842934924
12900.0,33,0.00013490606151113338,73664.8842934924,73654.9464540807
12900.0,34,0.00011269521760063248,73654.9464540807,73646.64589386269
12900.0,35,9.414280032514662e-05,73646.64589386269,73639.71259238369
13000.0,1,0.06617149925327666,101325.0,94620.17283816174
13000.0,2,0.04695289835775785,94620.17283816174,90177.48148029805
13000.0,3,0.03634616992968205,90177.48148029805,86899.87541458438
13000.0,4,0.028923226114771033,86899.87541458438,84386.45066862293
13000.0,5,0.023356479363456507,84386.45066862293,82415.4802750259
13000.0,6,0.019033681132502315,82415.4802750259,80846.81030308902
13000.0,7,0.015606540844559086,80846.81030308902,79585.07125594154
13000.0,8,0.012852533450860229,79585.07125594154,78562.20146543546
13000.0,9,0.010618693752109103,78562.20146543546,77727.9735075825
13000.0,10,0.008794556153560439,77727.9735075825,77044.39047986761
13000.0,11,0.007297530679762362,77044.39047986761,76482.15667663718
13000.0,12,0.006064296255476927,76482.15667663718,76018.34622029225
13000.0,13,0.005045391042831714,76018.34622029225,75634.80393718151
13000.0,14,0.004201630527140919,75634.80393718151,75317.01443604473
13000.0,15,0.0035016343869649575,75317.01443604473,75053.28178837194
13000.0,16,0.002920059882442685,75053.28178837194,74834.12171117605
13000.0,17,0.0024363044303890896,74834.12171117605,74651.80300890683
13000.0,18,0.0020335308710936455,74651.80300890683,74499.99626290542
13000.0,19,0.0016979213976627849,74499.99626290542,74373.50112512484
13000.0,20,0.0014180976975228157,74373.50112512484,74268.03223442259
13000.0,21,0.001184664564799626,74268.03223442259,74180.04952833707
13000.0,22,0.0009898469456112685,74180.04952833707,74106.62263288615
13000.0,23,0.0008271988067252042,74106.62263288615,74045.3217230738
13000.0,24,0.0006913679572349385,74045.3217230738,73994.12916025131
13000.0,25,0.0005779049548581279,73994.12916025131,73951.36758637919
13000.0,26,0.00048310707876649374,73951.36758637919,73915.64115721374
13000.0,27,0.000403890421202883,73915.64115721374,73885.78733777328
13000.0,28,0.00033768467989498096,73885.78733777328,73860.83723932733
13000.0,29,0.0002823463822933413,73860.83723932733,73839.98289913965
13000.0,30,0.00023608714711182677,73839.98289913965,73822.5502282342
13000.0,31,0.0001974142635639309,73822.5502282342,73807.97660384649
13000.0,32,0.00016508139448417523,73807.97660384649,73795.79228014467
13000.0,33,0.0001380476239407288,73795.79228014467,73785.60494636357
13000.0,34,0.00011544339907266452,73785.60494636357,73777.08688532593
13000.0,35,9.654217924771616e-05,73777.08688532593,73769.96428457947
13100.0,1,0.0655426178811603,101325.0,94683.89424319143
13100.0,2,0.046551715841638766,94683.89424319143,90276.19650360261
13100.0,3,0.036067311721457704,90276.19650360261,87020.1767832796
13100.0,4,0.028726628570446878,87020.1767832796,84520.3804866917
13100.0,5,0.023218489494597865,84520.3804866917,82557.94492028204
13100.0,6,0.01893846676433565,82557.94492028204,80994.42402427742
13100.0,7,0.015542854664359947,80994.42402427742,79735.53946304454
13100.0,8,0.012812125530886034,79735.53946304454,78713.9577221711
13100.0,9,0.010595403491198172,78713.9577221711,77879.95157971558
13100.0,10,0.00878373836135596,77879.95157971558,77195.87446144428
13100.0,11,0.0072956674565934545,77195.87446144428,76632.67903235265
13100.0,12,0.006068721956814914,76632.67903235265,76167.61661049946
13100.0,13,0.0050540909249633436,76167.61661049946,75782.65855061225
13100.0,14,0.0042130899412608615,75782.65855061225,75463.37939415066
13100.0,15,0.003514724029056887,75463.37939415066,75198.1464412802
13100.0,16,0.0029339475243372833,75198.1464412802,74977.51902569406
13100.0,17,0.002450386528429392,74977.51902569406,74793.79512313844
13100.0,18,0.0020473793378539746,74793.79512313844,74640.66385240364
13100.0,19,0.0017112420769201586,74640.66385240364,74512.93560777015
13100.0,20,0.001430697948489026,74512.93560777015,74406.33010366022
13100.0,21,0.0011964279778318354,74406.33010366022,74317.30828859641
13100.0,22,0.001000713662185086,74317.30828859641,74242.93794285519
13100.0,23,0.0008371502529114899,74242.93794285519,74180.78544857944
13100.0,24,0.0007004150556400538,74180.78544857944,74128.82810961205
13100.0,25,0.0005860790771472095,74128.82810961205,74085.38275444356
13100.0,26,0.0004904531544304443,74085.38275444356,74049.04734477446
13100.0,27,0.00041046173886267226,74049.04734477446,74018.6530440402
13100.0,28,0.0003435390129404039,74018.6530440402,73993.22474903427
13100.0,29,0.00028754314631543,73993.22474903427,73971.94850438391
13100.0,30,0.00024068535719665198,73971.94850438391,73954.1445395356
13100.0,31,0.0002014711074745678,73954.1445395356,73939.24491613288
13100.0,32,0.0001686512765691982,73939.24491613288,73926.77496808922
13100.0,33,0.00014118156526396713,73926.77496808922,73916.3378702843
13100.0,34,0.00011818870394666328,73916.3378702843,73907.60179411093
13100.0,35,9.894229796531861e-05,73907.60179411093,73900.28920615232
13200.0,1,0.06484003684047034,101325.0,94755.08326713934
13200.0,2,0.04608657291222228,94755.08326713934,90388.14621334463
13200.0,3,0.0357321226128222,90388.14621334463,87158.3858901037
13200.0,4,0.028480342929592,87158.3858901037,84676.08517076384
13200.0,5,0.02303670429589943,84676.08517076384,82725.42723575055
13200.0,6,0.01880470963175321,82725.42723575055,81169.79959741954
13200.0,7,0.015445309102064713,81169.79959741954,79916.10695288474
13200.0,8,0.012742028180084611,79916.10695288474,78897.81366604843
13200.0,9,0.010546128741114729,78897.81366604843,78065.7471657338
13200.0,10,0.008750220041277056,78065.7471657338,77382.65470034693
13200.0,11,0.007274007432851582,77382.65470034693,76819.77269488282
13200.0,12,0.0060559122196852146,76819.77269488282,76354.55889470644
13200.0,13,0.005047809498198633,76354.55889470644,75969.13562708697
13200.0,14,0.004211547398991642,75969.13562708697,75649.18801153307
13200.0,15,0.0035165461179644825,75649.18801153307,75383.16415310395
13200.0,16,0.002938084334368636,75383.16415310395,75161.68205943058
13200.0,17,0.0024560416329859475,75161.68205943058,74977.08183908736
13200.0,18,0.0020539542115334897,74977.08183908736,74823.08234607548
13200.0,19,0.0017182923489147634,74823.08234607548,74694.514416158
13200.0,20,0.001437898909494014,74694.514416158,74587.11125533382
13200.0,21,0.0012035473695107906,74587.11125533382,74497.34213378305
13200.0,22,0.0010075902240719334,74497.34213378305,74422.27934012971
13200.0,23,0.0008436768344387666,74422.27934012971,74359.49098708431
13200.0,24,0.0007065253540688355,74359.49098708431,74306.95412138628
13200.0,25,0.000591737257050957,74306.95412138628,74262.98392817468
13200.0,26,0.0004956457566917692,74262.98392817468,74226.17579531141
13200.0,27,0.00041519140677800264,74226.17579531141,74195.3577249632
13200.0,28,0.0003478196581335117,74195.3577249632,74169.55112100422
13200.0,29,0.00029139625259881174,74169.55112100422,74147.93839175062
13200.0,30,0.00024413718112137035,74147.93839175062,74129.8361230857
13200.0,31,0.00020455058286737024,74129.8361230857,74114.67282189886
13200.0,32,0.0001713884691176097,74114.67282189886,74101.97042158476
13200.0,33,0.00014360655474635848,74101.97042158476,74091.3288929126
13200.0,34,0.00012033079662230234,74091.3288929126,74082.41342428411
13200.0,35,0.00010082949212171445,74082.41342428411,74074.94373216339
13200.0,36,8.448999477221714e-05,74074.94373216339,74068.6851405547
13300.0,1,0.06414692575721478,101325.0,94825.31274765021
13300.0,2,0.04562673981564511,94825.31274765021,90498.742874976
13300.0,3,0.03540003598878821,90498.742874976,87295.08412026176
13300.0,4,0.02823572965496828,87295.08412026176,84830.24372483433
13300.0,5,0.02285563038732031,84830.24372483433,82891.39502859322
13300.0,6,0.018671017456401377,82891.39502859322,81343.7283450289
13300.0,7,0.015347402623662167,81343.7283450289,80095.31339520794
13300.0,8,0.012671301082073578,80095.31339520794,79080.40156391422
13300.0,9,0.010496067604224665,79080.40156391422,78250.36832293014
13300.0,10,0.008715838316444636,78250.36832293014,77568.35076442524
13300.0,11,0.007251462648919522,77568.35076442524,77005.86676611872
13300.0,12,0.006042234325829272,77005.86676611872,76540.57927465424
13300.0,13,0.0050407014149401125,76540.57927465424,76154.76106840416
13300.0,14,0.004209235019822497,76154.76106840416,75834.20778118882
13300.0,15,0.003517663562312772,75834.20778118882,75567.44855170007
13300.0,16,0.002941585106544722,75567.44855170007,75345.1604705008
13300.0,17,0.0024611292615099034,75345.1604705008,75159.7262913537
13300.0,18,0.0020600277912990773,75159.7262913537,75004.89516640708
13300.0,19,0.001724903631034573,75004.89516640708,74875.51895038917
13300.0,20,0.001444718423603792,74875.51895038917,74767.34490868465
13300.0,21,0.0012103376591637665,74767.34490868465,74676.85117546598
13300.0,22,0.0010141847102420596,74676.85117546598,74601.1150547948
13300.0,23,0.000849963146273502,74601.1150547948,74537.70685632732
13300.0,24,0.0007124322117978623,74537.70685632732,74484.60379296933
13300.0,25,0.0005972241817410725,74484.60379296933,74440.11978641676
13300.0,26,0.0005006950293269527,74440.11978641676,74402.8479884572
13300.0,27,0.0004198018155441384,74402.8479884572,74371.61353778999
13300.0,28,0.00035200166508339873,74371.61353778999,74345.43460598975
13300.0,29,0.0002951682844728284,74345.43460598975,74323.49019159871
13300.0,30,0.00024752280788159666,74323.49019159871,74305.09343261493
13300.0,31,0.0002075763947846705,74305.09343261493,74289.66944920605
13300.0,32,0.00017408250125765682,74289.66944920605,74276.73691773073
13300.0,33,0.00014599713812808702,74276.73691773073,74265.89272671124
13300.0,34,0.00012244574016298987,74265.89272671124,74256.79918450746
13300.0,35,0.00010269551887516024,74256.79918450746,74249.1733439852
13300.0,36,8.613237230172982e-05,74249.1733439852,74242.77808654364
13400.0,1,0.0635408649641953,101325.0,94886.72185750291
13400.0,2,0.0452369444650863,94886.72185750291,90594.33649036096
13400.0,3,0.03512671380384727,90594.33649036096,87412.05516021462
13400.0,4,0.028041014237379473,87412.05516021462,84960.93247694844
13400.0,5,0.022717175056239994,84960.93247694844,83030.86010092821
13400.0,6,0.018573851382423553,83030.86010092821,81488.65724525877
13400.0,7,0.01528086963104671,81488.65724525877,80243.43969748492
13400.0,8,0.01262756223773824,80243.43969748492,79230.16066853474
13400.0,9,0.010469247288710038,79230.16066853474,78400.68052377162
13400.0,10,0.008701485986964512,78400.68052377162,77718.47810082554
13400.0,11,0.007246189595068619,77718.47810082554,77155.31527346677
13400.0,12,0.006043456574637063,77155.31527346677,76689.03047610914
13400.0,13,0.005046451572246998,76689.03047610914,76302.02299768888
13400.0,14,0.004218021271691563,76302.02299768888,75980.17944161153
13400.0,15,0.003528362243030382,75980.17944161153,75712.09384525107
13400.0,16,0.002953357886376373,75712.09384525107,75488.48893579913
13400.0,17,0.002473358805214509,75488.48893579913,75301.77881699744
13400.0,18,0.0020722675104539465,75301.77881699744,75145.73338727558
13400.0,19,0.0017368383258157397,75145.73338727558,75015.21739750703
13400.0,20,0.0014561334152627637,75015.21739750703,74905.98523280132
13400.0,21,0.0012210945856654704,74905.98523280132,74814.51793979961
13400.0,22,0.0010242025740147406,74814.51793979961,74737.892717952
13400.0,23,0.0008592035128542854,74737.892717952,74673.6776579854
13400.0,24,0.0007208876936556014,74673.6776579854,74619.84632272176
13400.0,25,0.0006049095224835178,74619.84632272176,74574.70806711489
13400.0,26,0.0005076402446467725,74574.70806711489,74536.85094406724
13400.0,27,0.0004260469581688339,74536.85094406724,74505.09474545103
13400.0,28,0.0003575928686389008,74505.09474545103,74478.45225489279
13400.0,29,0.00030015481116340333,74478.45225489279,74456.09718912048
13400.0,30,0.0002519548806057286,74456.09718912048,74437.33761204283
13400.0,31,0.0002115036389708906,74437.33761204283,74421.59384426258
13400.0,32,0.00017755285758515654,74421.59384426258,74408.38007760949
13400.0,33,0.00014905613606969604,74408.38007760949,74397.28905198391
13400.0,34,0.0001251360452289703,74397.28905198391,74387.97926945619
13400.0,35,0.00010505668517489739,74387.97926945619,74380.16431493728
13400.0,36,8.82007465984382e-05,74380.16431493728,74373.60392891259
13500.0,1,0.061756397703997976,101325.0,95067.5330026424
13500.0,2,0.04386303725652222,95067.5330026424,90897.58226066185
13500.0,3,0.0340064582220988,90897.58226066185,87806.47742702486
13500.0,4,0.027111962646251573,87806.47742702486,85425.87149092443
13500.0,5,0.021940113569628928,85425.87149092443,83551.61816862902
13500.0,6,0.01792065516044693,83551.61816862902,82054.31843133169
13500.0,7,0.0147300287926591,82054.31843133169,80845.65595827615
13500.0,8,0.0121620258673744,80845.65595827615,79862.40899924675
13500.0,9,0.010075202305958953,79862.40899924675,79057.7790719381
13500.0,10,0.008367585140236463,79057.7790719381,78396.25637455565
13500.0,11,0.006963023662082806,78396.25637455565,77850.38138640091
13500.0,12,0.005803172513289289,77850.38138640091,77398.60219299026
13500.0,13,0.004842464665641515,77398.60219299026,77023.80219670066
13500.0,14,0.0040447915256000165,77023.80219670066,76712.25697430596
13500.0,15,0.003381216837111925,76712.25697430596,76452.87619941158
13500.0,16,0.0028283478913487346,76452.87619941158,76236.64086822543
13500.0,17,0.002367142150518118,76236.64086822543,76056.17790221234
13500.0,18,0.001982012522799397,76056.17790221234,75905.4336051739
13500.0,19,0.0016601436732814085,75905.4336051739,75779.41967980658
13500.0,20,0.0013909613140497034,75779.41967980658,75674.01343863083
13500.0,21,0.0011657148426998428,75674.01343863083,75585.79911795876
13500.0,22,0.0009771455560673079,75585.79911795876,75511.94079024885
13500.0,23,0.00081922051720862,75511.94079024885,75450.07985905923
13500.0,24,0.0006869174876102878,75450.07985905923,75398.25187976245
13500.0,25,0.0005760500453625042,75398.25187976245,75354.81871334686
13500.0,26,0.00048312464459392503,75354.81871334686,75318.41294333753
13500.0,27,0.00040522327824717223,75318.41294333753,75287.89216913226
13500.0,28,0.00033990681204639243,75287.89216913226,75262.30130171936
13500.0,29,0.0002851351088352843,75262.30130171936,75240.8413772465
13500.0,30,0.00023920086159756758,75240.8413772465,75222.84370316174
13500.0,31,0.0002006746675407512,75222.84370316174,75207.74838401013
13500.0,32,0.00016835935363282913,75207.74838401013,75195.08645610402
13500.0,33,0.0001412519396817739,75195.08645610402,75184.46500428756
13500.0,34,0.00011851192295240574,75184.46500428756,75175.55474876375
13500.0,35,9.943480657556006e-05,75175.55474876375,75168.0796820181
